cluster_label,ra_deg_param,dec_deg_param,r_sun_display_param,r_gc_kpc_display_param,n_rv,n_pm,present_mass_display,v_mag_display,mass_to_light_display,core_radius_pc,half_light_radius_pc,half_mass_radius_pc,tidal_radius_pc,log_core_density,log_half_mass_density,log_relaxation_time_yr,log_initial_mass_msun,remaining_dissolution_time_gyr,mass_range_display,mf_slope_display,sigma0_kms,vesc_kms,eta_core,eta_half_mass,rotation_amplitude_display,rotation_probability_percent,r_sun_kpc_param,r_gc_kpc_param,present_mass_msun,v_mag,mass_to_light_v,mf_slope,rotation_amplitude_kms,ra_deg,dec_deg,galactic_l_deg,galactic_b_deg,r_sun_display,r_gc_kpc_display,rv_kms_display,pmra_masyr_display,pmdec_masyr_display,pm_correlation,x_kpc_display,y_kpc_display,z_kpc_display,u_kms_display,v_kms_display,w_kms_display,r_peri_kpc_display,r_apo_kpc_display,r_sun_kpc,r_gc_kpc,rv_kms,pmra_masyr,pmdec_masyr,x_kpc,y_kpc,z_kpc,u_kms,v_kms,w_kms,r_peri_kpc,r_apo_kpc,cluster_name,cluster_alias,semi_major_axis_kpc,eccentricity,initial_mass_msun,mass_loss_fraction,radius_bin_paper
Liller 1,263.35233,-33.38956,8.06 ± 0.34,0.74 ± 0.07,82,0,1.01 ± 0.16 · 106,15.73 ± 0.20,3.01 ± 0.74,0.18,1.3,2.42,38.87,6.2,4.01,8.95,7.2,2.0,—,0.21 ± 0.30,19.6,87.9,-0.38,-0.06,,,8.06,0.74,1010000.0,15.73,3.01,0.21,,263.352333,-33.389556,354.84,-0.161,8.06 ± 0.34,0.74 ± 0.07,60.36 ± 2.44,-5.183 ± 0.176,-6.979 ± 0.143,0.35,0.15 ± 0.34,-0.72 ± 0.03,-0.02 ± 0.00,-41.46 ± 2.48,-83.37 ± 5.81,28.07 ± 6.39,0.09 ± 0.04,0.85 ± 0.09,8.06,0.74,60.36,-5.183,-6.979,0.15,-0.72,-0.02,-41.46,-83.37,28.07,0.09,0.85,Liller 1,,0.47,0.8085106382978724,15848931.924611142,0.9362733082075005,inner_<3kpc
Ter 2,261.88792,-30.80233,7.75 ± 0.33,0.74 ± 0.16,11,70,8.05 ± 2.31 · 104,13.11 ± 0.10,1.35 ± 0.41,0.46,2.4,4.31,12.45,3.9,2.1,9.01,6.77,0.3,0.71 − 0.95,-0.96 ± 0.46,4.3,17.4,-0.4,-0.13,,,7.75,0.74,80500.0,13.11,1.35,-0.96,,261.887917,-30.802333,356.319,2.298,7.75 ± 0.33,0.74 ± 0.16,133.46 ± 0.69,-2.142 ± 0.030,-6.255 ± 0.027,0.21,0.45 ± 0.32,-0.50 ± 0.02,0.31 ± 0.01,-131.58 ± 0.70,9.08 ± 1.03,-49.50 ± 1.08,0.16 ± 0.03,0.86 ± 0.22,7.75,0.74,133.46,-2.142,-6.255,0.45,-0.5,0.31,-131.58,9.08,-49.5,0.16,0.86,Ter 2,,0.51,0.6862745098039215,5888436.5535558835,0.9863291385976829,inner_<3kpc
Ter 4,262.66251,-31.59553,7.59 ± 0.31,0.82 ± 0.20,7,48,1.81 ± 0.53 · 105,13.43 ± 0.27,2.55 ± 0.98,0.39,3.27,5.67,15.7,4.3,2.07,9.38,6.72,0.9,0.53 − 0.79,-1.58 ± 0.30,5.7,23.1,-0.4,-0.11,,,7.59,0.82,181000.0,13.43,2.55,-1.58,,262.662506,-31.595528,356.024,1.308,7.59 ± 0.31,0.82 ± 0.20,-48.96 ± 1.57,-5.364 ± 0.035,-3.674 ± 0.031,0.21,0.61 ± 0.31,-0.53 ± 0.02,0.17 ± 0.01,54.76 ± 1.56,39.76 ± 1.17,94.74 ± 1.22,0.19 ± 0.04,0.85 ± 0.19,7.59,0.82,-48.96,-5.364,-3.674,0.61,-0.53,0.17,54.76,39.76,94.74,0.19,0.85,Ter 4,,0.52,0.6346153846153845,5248074.602497723,0.9655111610048652,inner_<3kpc
Ter 6,267.69325,-31.27539,7.27 ± 0.35,0.97 ± 0.31,14,52,1.00 ± 0.21 · 105,14.47 ± 0.07,1.71 ± 0.11,0.39,1.05,1.91,13.89,4.44,3.24,8.32,6.66,0.5,0.64 − 0.85,0.73 ± 0.29,6.8,26.4,-0.35,-0.09,,,7.27,0.97,100000.0,14.47,1.71,0.73,,267.69325,-31.275389,358.571,-2.162,7.27 ± 0.35,0.97 ± 0.31,137.15 ± 1.70,-4.993 ± 0.052,-7.458 ± 0.045,0.26,0.91 ± 0.35,-0.18 ± 0.01,-0.27 ± 0.01,-141.03 ± 1.70,-60.00 ± 1.63,18.66 ± 1.73,0.20 ± 0.02,1.11 ± 0.39,7.27,0.97,137.15,-4.993,-7.458,0.91,-0.18,-0.27,-141.03,-60.0,18.66,0.2,1.11,Ter 6,,0.655,0.6946564885496184,4570881.8961487515,0.9781223837605045,inner_<3kpc
NGC 6528,271.2067,-30.05578,7.83 ± 0.24,0.70 ± 0.10,286,30,9.44 ± 0.91 · 104,9.71 ± 0.10,2.97 ± 0.40,0.27,2.45,5.01,10.98,4.43,1.96,9.03,6.33,1.1,0.52 − 0.84,-0.26 ± 0.22,4.6,19.0,-0.4,-0.07,,,7.83,0.7,94400.0,9.71,2.97,-0.26,,271.206697,-30.055778,1.139,-4.174,7.83 ± 0.24,0.70 ± 0.10,211.86 ± 0.43,-2.173 ± 0.021,-5.643 ± 0.019,0.13,0.37 ± 0.24,0.16 ± 0.00,-0.57 ± 0.02,-224.49 ± 0.43,34.20 ± 0.73,-39.40 ± 0.76,0.43 ± 0.07,0.92 ± 0.28,7.83,0.7,211.86,-2.173,-5.643,0.37,0.16,-0.57,-224.49,34.2,-39.4,0.43,0.92,NGC 6528,,0.675,0.362962962962963,2137962.0895022326,0.9558458026624885,inner_<3kpc
NGC 6440,267.22017,-20.36042,8.25 ± 0.24,1.23 ± 0.03,220,149,5.69 ± 0.45 · 105,8.97 ± 0.13,1.81 ± 0.26,0.37,1.32,2.8,33.88,5.1,3.49,9.01,6.79,3.0,0.52 − 0.85,-0.34 ± 0.21,14.0,55.6,-0.38,-0.1,3.93 ± 2.74,87.5,8.25,1.23,569000.0,8.97,1.81,-0.34,3.93,267.220167,-20.360417,7.729,3.801,8.25 ± 0.24,1.23 ± 0.03,-69.39 ± 0.93,-1.189 ± 0.024,-4.004 ± 0.024,0.34,0.02 ± 0.24,1.11 ± 0.03,0.55 ± 0.02,33.58 ± 0.93,86.46 ± 0.94,-37.51 ± 0.94,0.21 ± 0.07,1.26 ± 0.06,8.25,1.23,-69.39,-1.189,-4.004,0.02,1.11,0.55,33.58,86.46,-37.51,0.21,1.26,NGC 6440,,0.735,0.7142857142857143,6165950.018614822,0.9077190054602768,inner_<3kpc
NGC 6558,272.57397,-31.76451,7.79 ± 0.18,0.93 ± 0.06,25,1218,3.13 ± 0.10 · 104,9.66 ± 0.06,1.27 ± 0.08,0.15,1.54,1.96,8.94,4.83,2.69,8.09,6.2,0.5,0.37 − 0.80,1.53 ± 0.15,4.1,16.7,-0.38,-0.15,,,7.79,0.93,31300.0,9.66,1.27,1.53,,272.573974,-31.764508,0.199,-6.023,7.79 ± 0.18,0.93 ± 0.06,-195.12 ± 0.73,-1.752 ± 0.017,-4.167 ± 0.016,0.06,0.44 ± 0.18,0.03 ± 0.00,-0.82 ± 0.02,184.04 ± 0.73,85.48 ± 0.60,11.86 ± 0.62,0.55 ± 0.04,1.10 ± 0.16,7.79,0.93,-195.12,-1.752,-4.167,0.44,0.03,-0.82,184.04,85.48,11.86,0.55,1.1,NGC 6558,,0.8250000000000001,0.3333333333333333,1584893.1924611141,0.98025103511777,inner_<3kpc
Djor 2 ESO 456-SC38,270.45438,-27.82582,8.76 ± 0.18,0.80 ± 0.13,24,52,1.34 ± 0.24 · 105,10.70 ± 0.11,3.89 ± 0.79,1.31,4.64,6.48,15.43,2.93,1.8,9.31,6.22,2.2,0.59 − 0.78,-1.54 ± 0.27,3.9,15.4,-0.4,-0.08,,,8.76,0.8,134000.0,10.7,3.89,-1.54,,270.454378,-27.825819,2.763,-2.508,8.76 ± 0.18,0.80 ± 0.13,-149.75 ± 1.10,0.720 ± 0.021,-3.003 ± 0.018,0.01,-0.57 ± 0.18,0.42 ± 0.01,-0.38 ± 0.01,137.64 ± 1.10,151.13 ± 0.79,-73.65 ± 0.86,0.74 ± 0.07,0.92 ± 0.10,8.76,0.8,-149.75,0.72,-3.003,-0.57,0.42,-0.38,137.64,151.13,-73.65,0.74,0.92,Djor 2 ESO 456-SC38,,0.8300000000000001,0.10843373493975905,1659586.9074375597,0.919257015466036,inner_<3kpc
NGC 6624,275.91879,-30.36103,8.02 ± 0.11,1.20 ± 0.01,2552,2526,1.03 ± 0.02 · 105,8.03 ± 0.07,1.37 ± 0.09,0.19,1.7,2.25,16.82,5.25,3.02,8.4,6.41,0.9,0.28 − 0.82,0.66 ± 0.16,7.0,28.0,-0.35,-0.06,0.87 ± 1.04,46.7,8.02,1.2,103000.0,8.03,1.37,0.66,0.87,275.918793,-30.361029,2.788,-7.913,8.02 ± 0.11,1.20 ± 0.01,54.79 ± 0.40,0.127 ± 0.014,-6.956 ± 0.014,-0.01,0.24 ± 0.11,0.39 ± 0.01,-1.10 ± 0.01,-59.64 ± 0.40,20.64 ± 0.52,-122.99 ± 0.53,0.32 ± 0.02,1.36 ± 0.02,8.02,1.2,54.79,0.127,-6.956,0.24,0.39,-1.1,-59.64,20.64,-122.99,0.32,1.36,NGC 6624,,0.8400000000000001,0.619047619047619,2570395.7827688647,0.9599283500655891,inner_<3kpc
NGC 6522,270.89196,-30.03397,7.29 ± 0.21,1.04 ± 0.17,851,60,2.14 ± 0.11 · 105,8.28 ± 0.03,2.46 ± 0.15,0.39,2.48,3.15,15.36,4.62,2.91,8.85,6.4,2.6,0.43 − 0.78,0.25 ± 0.21,8.2,32.4,-0.35,-0.09,1.43 ± 2.21,24.4,7.29,1.04,214000.0,8.28,2.46,0.25,1.43,270.891958,-30.033974,1.025,-3.926,7.29 ± 0.21,1.04 ± 0.17,-15.23 ± 0.49,2.586 ± 0.014,-6.432 ± 0.014,0.29,0.90 ± 0.21,0.13 ± 0.00,-0.50 ± 0.01,14.18 ± 0.49,101.30 ± 0.48,-177.94 ± 0.49,0.44 ± 0.13,1.30 ± 0.15,7.29,1.04,-15.23,2.586,-6.432,0.9,0.13,-0.5,14.18,101.3,-177.94,0.44,1.3,NGC 6522,,0.87,0.49425287356321845,2511886.4315095823,0.9148050655015516,inner_<3kpc
Ter 5,267.0202,-24.77906,6.62 ± 0.15,1.65 ± 0.13,336,112,1.09 ± 0.08 · 106,12.36 ± 0.08,2.95 ± 0.31,0.67,1.77,4.03,51.26,4.72,3.35,9.43,6.72,7.5,0.71 − 0.88,-1.35 ± 0.28,15.6,57.5,-0.09,-0.02,7.97 ± 2.38,100.0,6.62,1.65,1090000.0,12.36,2.95,-1.35,7.97,267.0202,-24.779055,3.839,1.687,6.62 ± 0.15,1.65 ± 0.13,-81.97 ± 0.85,-1.864 ± 0.030,-5.108 ± 0.027,0.33,1.58 ± 0.15,0.44 ± 0.01,0.19 ± 0.00,58.48 ± 0.85,79.79 ± 0.88,-27.76 ± 0.92,0.27 ± 0.04,1.69 ± 0.15,6.62,1.65,-81.97,-1.864,-5.108,1.58,0.44,0.19,58.48,79.79,-27.76,0.27,1.69,Ter 5,,0.98,0.7244897959183674,5248074.602497723,0.7923047817420059,inner_<3kpc
NGC 6642,277.97596,-23.4756,8.05 ± 0.20,1.66 ± 0.01,26,1099,3.95 ± 0.13 · 104,9.65 ± 0.05,1.40 ± 0.08,0.11,1.37,1.73,16.22,5.24,2.96,8.04,6.53,0.3,0.32 − 0.80,1.00 ± 0.15,5.0,20.0,-0.37,-0.12,,,8.05,1.66,39500.0,9.65,1.4,1.0,,277.975957,-23.475602,9.815,-6.439,8.05 ± 0.20,1.66 ± 0.01,-60.61 ± 1.35,-0.175 ± 0.013,-3.900 ± 0.013,0.23,0.30 ± 0.20,1.36 ± 0.03,-0.90 ± 0.02,31.86 ± 1.32,106.97 ± 0.53,-46.79 ± 0.53,0.27 ± 0.08,1.82 ± 0.08,8.05,1.66,-60.61,-0.175,-3.9,0.3,1.36,-0.9,31.86,106.97,-46.79,0.27,1.82,NGC 6642,,1.045,0.7416267942583733,3388441.5613920274,0.9883427235546678,inner_<3kpc
NGC 6355,260.99353,-26.35283,8.65 ± 0.22,0.93 ± 0.12,48,1822,9.91 ± 0.26 · 104,10.04 ± 0.07,1.61 ± 0.11,0.2,2.36,3.34,14.57,4.86,2.5,8.79,6.11,2.2,0.50 − 0.78,-0.50 ± 0.19,5.6,21.6,-0.37,-0.13,,,8.65,0.93,99100.0,10.04,1.61,-0.5,,260.993533,-26.352827,359.585,5.429,8.65 ± 0.22,0.93 ± 0.12,-195.85 ± 0.55,-4.732 ± 0.015,-0.558 ± 0.014,0.27,-0.44 ± 0.22,-0.06 ± 0.00,0.82 ± 0.02,198.82 ± 0.55,126.39 ± 0.60,136.36 ± 0.62,0.79 ± 0.08,1.50 ± 0.26,8.65,0.93,-195.85,-4.732,-0.558,-0.44,-0.06,0.82,198.82,126.39,136.36,0.79,1.5,NGC 6355,,1.145,0.31004366812227074,1288249.551693135,0.9230739107420967,inner_<3kpc
NGC 6325,259.49633,-23.76768,7.53 ± 0.32,1.28 ± 0.13,45,1095,6.19 ± 0.21 · 104,10.90 ± 0.04,2.20 ± 0.11,0.11,1.72,2.38,20.42,5.29,2.74,8.41,5.99,1.6,0.50 − 0.80,-0.30 ± 0.30,5.3,20.6,-0.36,-0.12,,,7.53,1.28,61900.00000000001,10.9,2.2,-0.3,,259.496327,-23.767677,0.971,8.003,7.53 ± 0.32,1.28 ± 0.13,29.54 ± 0.58,-8.288 ± 0.029,-8.987 ± 0.028,0.17,0.72 ± 0.32,0.13 ± 0.01,1.05 ± 0.04,-38.92 ± 0.59,-179.39 ± 1.02,73.60 ± 1.02,1.05 ± 0.03,1.31 ± 0.13,7.53,1.28,29.54,-8.288,-8.987,0.72,0.13,1.05,-38.92,-179.39,73.6,1.05,1.31,NGC 6325,,1.1800000000000002,0.11016949152542371,977237.2209558112,0.9366581637778213,inner_<3kpc
Pal 6,265.92581,-26.22499,7.05 ± 0.45,1.19 ± 0.40,23,80,8.56 ± 1.90 · 104,11.60 ± 0.06,1.39 ± 0.32,0.61,2.27,2.91,10.43,3.78,2.61,8.63,6.51,0.7,—,0.38 ± 0.30,5.1,19.7,-0.37,-0.11,,,7.05,1.19,85600.0,11.6,1.39,0.38,,265.925812,-26.224995,2.09,1.779,7.05 ± 0.45,1.19 ± 0.40,177.00 ± 1.35,-9.190 ± 0.021,-5.283 ± 0.018,0.27,1.14 ± 0.45,0.26 ± 0.02,0.22 ± 0.01,-194.00 ± 1.34,-52.44 ± 0.62,181.72 ± 0.66,0.29 ± 0.09,2.08 ± 0.70,7.05,1.19,177.0,-9.19,-5.283,1.14,0.26,0.22,-194.0,-52.44,181.72,0.29,2.08,Pal 6,,1.185,0.7552742616033755,3235936.569296281,0.9735470710976837,inner_<3kpc
NGC 6380,263.61861,-39.06953,9.61 ± 0.30,2.15 ± 0.21,70,5783,3.41 ± 0.05 · 105,10.70 ± 0.12,2.96 ± 0.33,0.95,3.14,4.42,40.24,3.85,2.68,9.24,6.56,2.8,0.53 − 0.83,-0.54 ± 0.17,8.3,31.8,-0.33,-0.09,,,9.61,2.15,341000.0,10.7,2.96,-0.54,,263.618611,-39.06953,350.182,-3.422,9.61 ± 0.30,2.15 ± 0.21,-1.48 ± 0.73,-2.186 ± 0.017,-3.256 ± 0.016,-0.02,-1.27 ± 0.30,-1.64 ± 0.05,-0.57 ± 0.02,20.58 ± 0.74,76.51 ± 0.73,11.08 ± 0.75,0.28 ± 0.05,2.11 ± 0.24,9.61,2.15,-1.48,-2.186,-3.256,-1.27,-1.64,-0.57,20.58,76.51,11.08,0.28,2.11,NGC 6380,,1.1949999999999998,0.7656903765690377,3630780.54770101,0.9060808012161684,inner_<3kpc
HP 1,262.77167,-29.98167,7.00 ± 0.14,1.26 ± 0.13,28,116,1.37 ± 0.19 · 105,11.07 ± 0.11,3.64 ± 0.63,0.99,3.1,4.19,18.56,3.41,2.35,9.01,6.15,2.9,0.45 − 0.82,-0.02 ± 0.28,5.4,20.3,-0.33,-0.13,,,7.0,1.26,137000.0,11.07,3.64,-0.02,,262.771667,-29.981667,357.425,2.115,7.00 ± 0.14,1.26 ± 0.13,39.76 ± 1.22,2.500 ± 0.028,-10.049 ± 0.027,0.17,1.19 ± 0.14,-0.31 ± 0.01,0.26 ± 0.01,-49.60 ± 1.22,16.99 ± 0.89,-243.09 ± 0.91,0.72 ± 0.13,1.67 ± 0.11,7.0,1.26,39.76,2.5,-10.049,1.19,-0.31,0.26,-49.6,16.99,-243.09,0.72,1.67,HP 1,,1.1949999999999998,0.397489539748954,1412537.5446227554,0.9030114275393731,inner_<3kpc
NGC 6637 M 69,277.84625,-32.34808,8.90 ± 0.10,1.71 ± 0.05,69,3720,1.38 ± 0.02 · 105,7.62 ± 0.04,1.53 ± 0.06,0.57,2.41,3.19,24.2,4.02,2.71,8.78,6.3,1.8,0.26 − 0.86,0.10 ± 0.19,6.3,24.3,-0.34,-0.1,,,8.9,1.71,138000.0,7.62,1.53,0.1,,277.846252,-32.348084,1.723,-10.269,8.90 ± 0.10,1.71 ± 0.05,47.48 ± 1.00,-5.053 ± 0.007,-5.825 ± 0.007,0.4,-0.58 ± 0.10,0.26 ± 0.00,-1.59 ± 0.02,-82.47 ± 0.98,-59.69 ± 0.28,82.89 ± 0.33,0.40 ± 0.09,2.03 ± 0.08,8.9,1.71,47.48,-5.053,-5.825,-0.58,0.26,-1.59,-82.47,-59.69,82.89,0.4,2.03,NGC 6637,M 69,1.2149999999999999,0.6707818930041153,1995262.3149688789,0.9308361617594364,inner_<3kpc
NGC 6342,260.29157,-19.58766,8.01 ± 0.23,1.54 ± 0.02,52,1719,3.77 ± 0.10 · 104,9.86 ± 0.07,1.63 ± 0.11,0.17,1.48,1.86,14.97,4.82,2.85,8.08,5.99,1.0,0.41 − 0.82,0.65 ± 0.17,4.6,18.4,-0.37,-0.12,,,8.01,1.54,37700.0,9.86,1.63,0.65,,260.291573,-19.587659,4.898,9.725,8.01 ± 0.23,1.54 ± 0.02,115.75 ± 0.90,-2.915 ± 0.013,-7.106 ± 0.013,-0.07,0.31 ± 0.23,0.67 ± 0.02,1.35 ± 0.04,-158.75 ± 0.89,-22.34 ± 0.49,-29.08 ± 0.52,0.84 ± 0.09,1.66 ± 0.04,8.01,1.54,115.75,-2.915,-7.106,0.31,0.67,1.35,-158.75,-22.34,-29.08,0.84,1.66,NGC 6342,,1.25,0.32799999999999996,977237.2209558112,0.9614218541910156,inner_<3kpc
NGC 6401,264.65219,-23.9096,7.44 ± 0.22,1.03 ± 0.14,25,3590,1.21 ± 0.02 · 105,9.97 ± 0.05,1.83 ± 0.09,0.36,2.31,3.17,15.81,4.4,2.66,8.8,6.32,1.8,0.40 − 0.81,-0.40 ± 0.17,6.0,23.6,-0.36,-0.13,,,7.44,1.03,121000.0,9.97,1.83,-0.4,,264.652191,-23.909605,3.45,3.98,7.44 ± 0.22,1.03 ± 0.14,-105.44 ± 2.50,-2.762 ± 0.010,1.464 ± 0.008,0.29,0.77 ± 0.22,0.45 ± 0.01,0.52 ± 0.02,101.04 ± 2.48,237.50 ± 0.34,109.65 ± 0.38,0.47 ± 0.14,2.12 ± 0.34,7.44,1.03,-105.44,-2.762,1.464,0.77,0.45,0.52,101.04,237.5,109.65,0.47,2.12,NGC 6401,,1.295,0.6370656370656371,2089296.1308540408,0.9420857588289608,inner_<3kpc
NGC 6638,277.73373,-25.49747,9.78 ± 0.34,2.30 ± 0.25,12,90,1.24 ± 0.23 · 105,8.79 ± 0.10,1.56 ± 0.32,0.48,1.84,2.28,29.05,4.26,3.1,8.49,6.47,1.1,0.42 − 0.82,0.71 ± 0.22,7.0,26.7,-0.35,-0.09,,,9.78,2.3,124000.0,8.79,1.56,0.71,,277.733734,-25.497473,7.896,-7.153,9.78 ± 0.34,2.30 ± 0.25,8.63 ± 2.00,-2.515 ± 0.011,-4.069 ± 0.010,0.2,-1.43 ± 0.33,1.33 ± 0.05,-1.22 ± 0.04,-52.31 ± 1.97,35.04 ± 0.54,25.45 ± 0.55,0.28 ± 0.08,2.36 ± 0.26,9.78,2.3,8.63,-2.515,-4.069,-1.43,1.33,-1.22,-52.31,35.04,25.45,0.28,2.36,NGC 6638,,1.3199999999999998,0.787878787878788,2951209.226666384,0.9579833246387388,inner_<3kpc
ESO 452-SC11,249.85417,-28.39917,7.39 ± 0.20,2.12 ± 0.05,14,48,7.32 ± 3.01 · 103,11.76 ± 0.06,2.14 ± 0.89,0.63,2.48,3.26,10.55,2.67,1.4,8.15,6.27,0.1,—,0.50 ± 0.30,1.4,5.5,-0.33,-0.1,,,7.39,2.12,7320.0,11.76,2.14,0.5,,249.854167,-28.399167,351.909,12.098,7.39 ± 0.20,2.12 ± 0.05,16.75 ± 0.44,-1.437 ± 0.024,-6.471 ± 0.022,-0.25,1.03 ± 0.19,-1.02 ± 0.03,1.55 ± 0.04,-20.80 ± 0.48,43.24 ± 0.80,-94.85 ± 0.81,0.35 ± 0.10,2.37 ± 0.13,7.39,2.12,16.75,-1.437,-6.471,1.03,-1.02,1.55,-20.8,43.24,-94.85,0.35,2.37,ESO 452-SC11,,1.36,0.7426470588235293,1862087.1366628655,0.9960689272505697,inner_<3kpc
Ter 9,270.41167,-26.83972,5.77 ± 0.34,2.46 ± 0.33,130,70,1.37 ± 0.16 · 105,12.73 ± 0.13,3.67 ± 0.62,0.28,1.67,2.58,31.61,4.84,2.98,8.67,6.33,1.7,0.62 − 0.80,-0.96 ± 0.28,7.3,29.1,-0.39,-0.11,,,5.77,2.46,137000.0,12.73,3.67,-0.96,,270.411667,-26.839722,3.603,-1.989,5.77 ± 0.34,2.46 ± 0.33,68.56 ± 0.54,-2.168 ± 0.031,-7.698 ± 0.029,0.34,2.42 ± 0.34,0.36 ± 0.02,-0.20 ± 0.01,-91.02 ± 0.54,44.46 ± 0.81,-47.51 ± 0.83,0.37 ± 0.08,2.55 ± 0.41,5.77,2.46,68.56,-2.168,-7.698,2.42,0.36,-0.2,-91.02,44.46,-47.51,0.37,2.55,Ter 9,,1.46,0.7465753424657533,2137962.0895022326,0.9359202856436538,inner_<3kpc
NGC 6453,267.71551,-34.59848,10.07 ± 0.22,2.10 ± 0.19,21,2444,1.68 ± 0.04 · 105,9.19 ± 0.13,1.49 ± 0.18,0.13,2.76,3.87,32.92,5.49,2.54,9.0,6.31,2.5,0.43 − 0.78,-0.61 ± 0.19,7.1,27.9,-0.38,-0.11,,,10.07,2.1,168000.0,9.19,1.49,-0.61,,267.715508,-34.598477,355.718,-3.872,10.07 ± 0.22,2.10 ± 0.19,-99.23 ± 1.24,0.165 ± 0.021,-5.920 ± 0.021,0.18,-1.84 ± 0.22,-0.75 ± 0.02,-0.68 ± 0.01,115.63 ± 1.24,21.74 ± 1.00,-136.21 ± 1.02,0.45 ± 0.11,2.52 ± 0.23,10.07,2.1,-99.23,0.165,-5.92,-1.84,-0.75,-0.68,115.63,21.74,-136.21,0.45,2.52,NGC 6453,,1.485,0.6969696969696969,2041737.9446695275,0.917717158346101,inner_<3kpc
Gran 5,267.228,-24.17,4.91 ± 0.31,3.31 ± 0.29,2,24,2.29 ± 1.00 · 104,12.11,1.88 ± 0.89,0.43,1.73,2.2,21.51,3.64,2.41,8.1,6.35,0.2,—,0.54 ± 0.30,3.1,11.8,-0.36,-0.15,,,4.91,3.31,22900.0,12.11,1.88,0.54,,267.228,-24.17,4.459,1.839,4.91 ± 0.31,3.31 ± 0.29,-58.87 ± 3.27,-5.353 ± 0.046,-9.312 ± 0.043,0.06,3.29 ± 0.31,0.38 ± 0.02,0.16 ± 0.01,27.97 ± 3.25,-1.55 ± 1.05,0.70 ± 1.06,0.32 ± 0.08,2.85 ± 0.32,4.91,3.31,-58.87,-5.353,-9.312,3.29,0.38,0.16,27.97,-1.55,0.7,0.32,2.85,Gran 5,,1.585,0.7981072555205049,2238721.138568338,0.9897709457397429,inner_<3kpc
NGC 6293,257.5425,-26.58208,9.19 ± 0.28,1.60 ± 0.18,412,140,1.42 ± 0.12 · 105,8.40 ± 0.11,1.77 ± 0.23,0.06,2.21,3.18,24.19,6.66,2.73,8.83,6.32,2.6,0.24 − 0.78,-0.50 ± 0.20,7.5,27.4,-0.38,-0.13,,,9.19,1.6,142000.0,8.4,1.77,-0.5,,257.5425,-26.582083,357.62,7.834,9.19 ± 0.28,1.60 ± 0.18,-143.66 ± 0.39,0.865 ± 0.020,-4.330 ± 0.020,-0.04,-0.92 ± 0.28,-0.38 ± 0.01,1.25 ± 0.04,117.36 ± 0.42,126.19 ± 1.07,-151.88 ± 1.07,0.44 ± 0.13,2.79 ± 0.39,9.19,1.6,-143.66,0.865,-4.33,-0.92,-0.38,1.25,117.36,126.19,-151.88,0.44,2.79,NGC 6293,,1.615,0.7275541795665635,2089296.1308540408,0.9320345268901854,inner_<3kpc
Ter 1,263.94667,-30.48178,5.67 ± 0.17,2.52 ± 0.17,29,140,1.99 ± 0.25 · 105,12.40 ± 0.12,2.31 ± 0.38,0.36,1.47,1.86,38.22,4.8,3.57,8.44,6.19,3.8,0.66 − 0.82,0.17 ± 0.34,9.8,37.9,-0.36,-0.12,,,5.67,2.52,199000.0,12.4,2.31,0.17,,263.946667,-30.481778,357.558,0.991,5.67 ± 0.17,2.52 ± 0.17,57.55 ± 1.61,-2.886 ± 0.046,-4.870 ± 0.044,0.08,2.51 ± 0.17,-0.24 ± 0.01,0.10 ± 0.00,-62.20 ± 1.61,97.77 ± 1.21,2.95 ± 1.22,0.57 ± 0.09,2.68 ± 0.17,5.67,2.52,57.55,-2.886,-4.87,2.51,-0.24,0.1,-62.2,97.77,2.95,0.57,2.68,Ter 1,,1.625,0.6492307692307693,1548816.6189124826,0.8715148084221036,inner_<3kpc
NGC 6717,283.77518,-22.70147,7.52 ± 0.13,2.38 ± 0.02,28,372,2.63 ± 0.19 · 104,8.98 ± 0.03,1.14 ± 0.09,0.29,2.63,3.26,17.82,3.95,1.95,8.44,5.97,0.7,0.30 − 0.79,1.47 ± 0.18,2.9,11.6,-0.38,-0.09,,,7.52,2.38,26300.0,8.98,1.14,1.47,,283.775177,-22.701473,12.876,-10.9,7.52 ± 0.13,2.38 ± 0.02,30.25 ± 0.90,-3.153 ± 0.016,-5.008 ± 0.016,0.35,0.98 ± 0.13,1.65 ± 0.03,-1.42 ± 0.02,-91.59 ± 0.87,55.81 ± 0.57,27.44 ± 0.58,0.74 ± 0.02,2.54 ± 0.05,7.52,2.38,30.25,-3.153,-5.008,0.98,1.65,-1.42,-91.59,55.81,27.44,0.74,2.54,NGC 6717,,1.6400000000000001,0.548780487804878,933254.3007969905,0.9718190422722509,inner_<3kpc
NGC 6540,271.53566,-27.76529,5.91 ± 0.27,2.34 ± 0.25,16,8,5.62 ± 0.37 · 104,9.74 ± 0.11,2.27 ± 0.27,0.09,2.65,4.49,22.71,5.37,1.87,8.93,5.86,2.0,0.30 − 0.76,-1.24 ± 0.29,3.8,15.1,-0.4,-0.11,,,5.91,2.34,56200.0,9.74,2.27,-1.24,,271.535657,-27.765286,3.285,-3.313,5.91 ± 0.27,2.34 ± 0.25,-16.50 ± 0.78,-3.695 ± 0.019,-2.818 ± 0.018,0.23,2.29 ± 0.27,0.34 ± 0.02,-0.34 ± 0.02,-4.50 ± 0.78,132.39 ± 0.50,60.24 ± 0.52,1.06 ± 0.17,2.32 ± 0.28,5.91,2.34,-16.5,-3.695,-2.818,2.29,0.34,-0.34,-4.5,132.39,60.24,1.06,2.32,NGC 6540,,1.69,0.37278106508875736,724435.9600749906,0.9224224043293179,inner_<3kpc
NGC 6652,278.94012,-32.99072,9.46 ± 0.14,2.18 ± 0.09,49,902,4.09 ± 0.15 · 104,8.92 ± 0.04,1.53 ± 0.08,0.17,1.46,1.85,17.7,4.82,2.89,8.1,6.33,0.5,0.26 − 0.83,0.84 ± 0.17,4.8,19.1,-0.37,-0.11,,,9.46,2.18,40900.0,8.92,1.53,0.84,,278.940125,-32.990723,1.534,-11.377,9.46 ± 0.14,2.18 ± 0.09,-95.37 ± 0.86,-5.496 ± 0.012,-4.250 ± 0.012,0.07,-1.10 ± 0.14,0.25 ± 0.00,-1.87 ± 0.03,46.85 ± 0.86,-26.61 ± 0.53,165.75 ± 0.55,0.32 ± 0.05,3.09 ± 0.17,9.46,2.18,-95.37,-5.496,-4.25,-1.1,0.25,-1.87,46.85,-26.61,165.75,0.32,3.09,NGC 6652,,1.7049999999999998,0.812316715542522,2137962.0895022326,0.9808696327213536,inner_<3kpc
NGC 6626 M 28,276.13704,-24.86985,5.37 ± 0.10,3.02 ± 0.09,199,365,2.70 ± 0.17 · 105,6.85 ± 0.06,1.94 ± 0.16,0.32,1.61,2.33,47.42,4.98,3.41,8.72,6.22,5.4,0.19 − 0.78,-0.18 ± 0.18,10.4,41.1,-0.38,-0.11,2.42 ± 1.08,100.0,5.37,3.02,270000.0,6.85,1.94,-0.18,2.42,276.137039,-24.869847,7.798,-5.581,5.37 ± 0.10,3.02 ± 0.09,11.11 ± 0.60,-0.303 ± 0.018,-8.931 ± 0.018,-0.26,2.88 ± 0.10,0.72 ± 0.01,-0.52 ± 0.01,-40.52 ± 0.60,48.96 ± 0.46,-90.99 ± 0.46,0.61 ± 0.05,2.97 ± 0.10,5.37,3.02,11.11,-0.303,-8.931,2.88,0.72,-0.52,-40.52,48.96,-90.99,0.61,2.97,NGC 6626,M 28,1.79,0.6592178770949721,1659586.9074375597,0.8373089117599233,inner_<3kpc
NGC 6256,254.88611,-37.12097,7.24 ± 0.29,1.94 ± 0.11,14,1838,1.11 ± 0.03 · 105,10.56 ± 0.11,1.87 ± 0.20,0.07,2.94,4.21,27.28,6.18,2.25,9.02,5.89,4.6,0.46 − 0.79,-1.12 ± 0.19,5.4,19.8,-0.35,-0.12,,,7.24,1.94,111000.00000000001,10.56,1.87,-1.12,,254.886107,-37.120968,347.792,3.307,7.24 ± 0.29,1.94 ± 0.11,-99.75 ± 0.66,-3.685 ± 0.019,-1.634 ± 0.018,-0.14,1.11 ± 0.29,-1.53 ± 0.06,0.42 ± 0.02,115.73 ± 0.66,154.69 ± 0.63,66.43 ± 0.64,1.42 ± 0.22,2.18 ± 0.03,7.24,1.94,-99.75,-3.685,-1.634,1.11,-1.53,0.42,115.73,154.69,66.43,1.42,2.18,NGC 6256,,1.8,0.21111111111111117,776247.1166286912,0.857004299762062,inner_<3kpc
NGC 6266 M 62,255.30415,-30.11339,6.03 ± 0.09,2.46 ± 0.07,6899,330,5.81 ± 0.04 · 105,6.60 ± 0.06,2.15 ± 0.12,0.23,1.74,2.91,51.41,5.93,3.46,9.07,6.26,17.4,0.53 − 0.81,-1.14 ± 0.19,14.8,59.3,-0.38,-0.1,6.22 ± 1.53,100.0,6.03,2.46,581000.0,6.6,2.15,-1.14,6.22,255.304153,-30.11339,353.575,7.318,6.03 ± 0.09,2.46 ± 0.07,-73.98 ± 0.67,-5.030 ± 0.031,-3.004 ± 0.031,-0.05,2.24 ± 0.09,-0.67 ± 0.01,0.77 ± 0.01,87.09 ± 0.68,106.94 ± 0.89,59.64 ± 0.89,1.08 ± 0.06,2.69 ± 0.07,6.03,2.46,-73.98,-5.03,-3.004,2.24,-0.67,0.77,87.09,106.94,59.64,1.08,2.69,NGC 6266,M 62,1.885,0.42705570291777184,1819700.8586099825,0.68071675228872,inner_<3kpc
NGC 6517,270.46075,-8.95878,9.23 ± 0.56,3.24 ± 0.26,27,354,2.16 ± 0.24 · 105,10.69 ± 0.05,2.60 ± 0.32,0.14,1.7,2.88,47.36,5.63,3.04,8.87,6.29,3.1,0.54 − 0.79,-1.38 ± 0.19,9.2,37.3,-0.41,-0.11,,,9.23,3.24,216000.0,10.69,2.6,-1.38,,270.46075,-8.958778,19.225,6.762,9.23 ± 0.56,3.24 ± 0.26,-35.06 ± 1.65,-1.554 ± 0.018,-4.452 ± 0.017,0.34,-0.47 ± 0.52,3.02 ± 0.18,1.09 ± 0.07,-49.03 ± 1.57,50.13 ± 0.89,-31.30 ± 0.78,0.42 ± 0.04,3.40 ± 0.27,9.23,3.24,-35.06,-1.554,-4.452,-0.47,3.02,1.09,-49.03,50.13,-31.3,0.42,3.4,NGC 6517,,1.91,0.7801047120418848,1949844.5997580455,0.8892219410578652,inner_<3kpc
2MASS-GC02,272.4021,-20.77889,5.50 ± 0.44,2.91 ± 0.37,7,0,1.6 · 104,24.60,1.80,0.62,2.22,2.85,15.7,3.04,1.91,8.21,6.0,0.4,—,0.50,2.2,8.4,-0.33,-0.1,,,5.5,2.91,16000.0,24.6,1.8,0.5,,272.4021,-20.778889,9.782,-0.615,5.50 ± 0.44,2.91 ± 0.37,-87.50 ± 2.83,-2.924 ± 0.220,-3.776 ± 0.174,0.47,2.76 ± 0.43,0.93 ± 0.07,-0.06 ± 0.00,54.01 ± 2.88,116.10 ± 4.81,27.30 ± 5.47,0.68 ± 0.23,3.18 ± 0.38,5.5,2.91,-87.5,-2.924,-3.776,2.76,0.93,-0.06,54.01,116.1,27.3,0.68,3.18,2MASS-GC02,,1.9300000000000002,0.6476683937823834,1000000.0,0.984,inner_<3kpc
NGC 6304,258.6344,-29.46203,6.15 ± 0.15,2.19 ± 0.13,205,1007,1.03 ± 0.04 · 105,8.18 ± 0.07,1.29 ± 0.09,0.39,1.83,3.05,27.27,4.32,2.71,8.67,5.79,5.2,0.43 − 0.89,-0.40 ± 0.14,5.7,22.8,-0.36,-0.09,1.30 ± 0.91,89.4,6.15,2.19,103000.0,8.18,1.29,-0.4,1.3,258.634399,-29.462028,355.826,5.376,6.15 ± 0.15,2.19 ± 0.13,-108.62 ± 0.39,-4.073 ± 0.012,-1.089 ± 0.011,0.05,2.07 ± 0.15,-0.45 ± 0.01,0.58 ± 0.01,110.98 ± 0.39,166.20 ± 0.32,75.17 ± 0.33,1.56 ± 0.13,2.70 ± 0.14,6.15,2.19,-108.62,-4.073,-1.089,2.07,-0.45,0.58,110.98,166.2,75.17,1.56,2.7,NGC 6304,,2.13,0.26760563380281693,616595.0018614822,0.8329535599720302,inner_<3kpc
NGC 6569,273.41167,-31.82689,10.53 ± 0.26,2.59 ± 0.23,164,150,2.29 ± 0.21 · 105,8.90 ± 0.04,2.17 ± 0.21,0.89,2.6,3.46,42.91,3.8,2.82,8.95,5.96,11.0,0.56 − 0.82,0.24 ± 0.26,7.6,28.4,-0.32,-0.12,0.81 ± 0.91,52.3,10.53,2.59,229000.0,8.9,2.17,0.24,0.81,273.411667,-31.826889,0.481,-6.681,10.53 ± 0.26,2.59 ± 0.23,-49.83 ± 0.50,-4.142 ± 0.010,-7.333 ± 0.009,0.16,-2.28 ± 0.26,0.09 ± 0.00,-1.23 ± 0.03,33.52 ± 0.50,-168.57 ± 0.47,24.53 ± 0.48,1.68 ± 0.30,2.70 ± 0.25,10.53,2.59,-49.83,-4.142,-7.333,-2.28,0.09,-1.23,33.52,-168.57,24.53,1.68,2.7,NGC 6569,,2.19,0.2328767123287672,912010.8393559096,0.7489064930832106,inner_<3kpc
NGC 6273 M 19,255.65749,-26.26797,8.34 ± 0.16,1.43 ± 0.03,306,671,7.19 ± 0.37 · 105,6.88 ± 0.04,2.32 ± 0.15,0.99,3.16,4.7,39.68,4.12,2.92,9.47,6.3,24.3,0.43 − 0.76,-1.33 ± 0.20,11.6,44.8,-0.36,-0.09,4.19 ± 1.12,100.0,8.34,1.43,719000.0,6.88,2.32,-1.33,4.19,255.657486,-26.267971,356.869,9.382,8.34 ± 0.16,1.43 ± 0.03,145.54 ± 0.59,-3.256 ± 0.010,1.668 ± 0.009,0.0,-0.04 ± 0.16,-0.45 ± 0.01,1.36 ± 0.03,-129.95 ± 0.59,221.75 ± 0.38,171.75 ± 0.38,1.22 ± 0.04,3.29 ± 0.10,8.34,1.43,145.54,-3.256,1.668,-0.04,-0.45,1.36,-129.95,221.75,171.75,1.22,3.29,NGC 6273,M 19,2.255,0.45898004434589806,1995262.3149688789,0.6396463790219911,inner_<3kpc
NGC 6316,259.15542,-28.14011,11.15 ± 0.39,3.16 ± 0.36,74,80,3.47 ± 0.44 · 105,9.01 ± 0.17,2.83 ± 0.57,0.74,3.15,6.08,47.48,4.01,2.28,9.46,6.18,10.2,0.57 − 0.84,-0.61 ± 0.32,7.6,30.3,-0.35,-0.05,,,11.15,3.16,347000.0,9.01,2.83,-0.61,,259.155417,-28.140111,357.175,5.764,11.15 ± 0.39,3.16 ± 0.36,99.65 ± 0.84,-4.974 ± 0.028,-4.605 ± 0.027,0.08,-2.90 ± 0.38,-0.55 ± 0.02,1.12 ± 0.04,-85.27 ± 0.85,-102.10 ± 1.44,92.58 ± 1.46,0.87 ± 0.21,3.85 ± 0.50,11.15,3.16,99.65,-4.974,-4.605,-2.9,-0.55,1.12,-85.27,-102.1,92.58,0.87,3.85,NGC 6316,,2.36,0.6313559322033898,1513561.2484362072,0.770739373541364,inner_<3kpc
BH 261 AL 3,273.5275,-28.635,6.12 ± 0.26,2.20 ± 0.23,5,22,2.38 ± 0.57 · 104,11.26 ± 0.04,8.52 ± 2.06,0.36,2.94,4.45,20.63,3.48,1.52,8.79,5.69,1.3,0.40 − 0.79,-2.35 ± 0.32,2.2,9.1,-0.37,-0.14,,,6.12,2.2,23800.0,11.26,8.52,-2.35,,273.5275,-28.635,3.362,-5.27,6.12 ± 0.26,2.20 ± 0.23,-60.00 ± 2.24,3.589 ± 0.022,-3.570 ± 0.020,0.25,2.10 ± 0.26,0.36 ± 0.02,-0.56 ± 0.02,58.95 ± 2.22,205.82 ± 0.60,-127.18 ± 0.65,1.45 ± 0.22,3.33 ± 0.28,6.12,2.2,-60.0,3.589,-3.57,2.1,0.36,-0.56,58.95,205.82,-127.18,1.45,3.33,BH 261 AL 3,,2.39,0.39330543933054396,489778.81936844665,0.9514066369168652,inner_<3kpc
Ton 2,264.042,-38.5561,6.99 ± 0.34,1.76 ± 0.19,23,172,4.31 ± 0.91 · 104,11.66 ± 0.06,0.94 ± 0.21,0.99,2.86,4.26,21.55,2.92,1.82,8.88,5.63,2.8,0.45 − 0.82,-1.48 ± 0.25,3.0,11.6,-0.38,-0.13,,,6.99,1.76,43099.99999999999,11.66,0.94,-1.48,,264.042,-38.5561,350.793,-3.424,6.99 ± 0.34,1.76 ± 0.19,-184.72 ± 1.12,-5.936 ± 0.020,-0.795 ± 0.019,0.24,1.29 ± 0.33,-1.12 ± 0.05,-0.42 ± 0.02,182.40 ± 1.11,154.24 ± 0.65,169.82 ± 0.65,1.80 ± 0.14,3.00 ± 0.29,6.99,1.76,-184.72,-5.936,-0.795,1.29,-1.12,-0.42,182.4,154.24,169.82,1.8,3.0,Ton 2,,2.4,0.25,426579.5188015926,0.8989637380597113,inner_<3kpc
VVV-CL001,268.67708,-24.01472,8.08 ± 1.48,0.76 ± 0.68,53,18,1.54 ± 0.31 · 105,14.20 ± 0.50,4.48 ± 2.31,0.56,2.34,3.23,36.42,4.07,2.74,8.86,6.16,4.0,—,-0.21 ± 0.30,6.5,25.9,-0.38,-0.13,,,8.08,0.76,154000.0,14.2,4.48,-0.21,,268.677083,-24.014722,5.267,0.78,8.08 ± 1.48,0.76 ± 0.68,-327.28 ± 0.90,-3.394 ± 0.110,-1.710 ± 0.077,0.3,0.13 ± 1.48,0.74 ± 0.14,0.11 ± 0.02,304.62 ± 0.94,100.38 ± 3.30,81.91 ± 3.91,0.72 ± 0.36,4.11 ± 1.99,8.08,0.76,-327.28,-3.394,-1.71,0.13,0.74,0.11,304.62,100.38,81.91,0.72,4.11,VVV-CL001,,2.415,0.7018633540372672,1445439.770745928,0.8934580304784838,inner_<3kpc
NGC 6402 M 14,264.40065,-3.24592,9.14 ± 0.25,3.97 ± 0.11,302,720,5.95 ± 0.29 · 105,7.87 ± 0.06,2.13 ± 0.16,2.0,3.54,4.92,73.95,3.35,2.78,9.42,6.36,10.8,0.38 − 0.81,-0.81 ± 0.15,10.2,35.6,-0.28,-0.12,1.58 ± 0.88,97.7,9.14,3.97,595000.0,7.87,2.13,-0.81,1.58,264.400651,-3.245916,21.324,14.804,9.14 ± 0.25,3.97 ± 0.11,-60.71 ± 0.45,-3.599 ± 0.006,-5.055 ± 0.006,0.12,-0.06 ± 0.23,3.21 ± 0.09,2.34 ± 0.06,-46.65 ± 0.42,-20.92 ± 0.30,20.20 ± 0.29,0.56 ± 0.08,4.28 ± 0.13,9.14,3.97,-60.71,-3.599,-5.055,-0.06,3.21,2.34,-46.65,-20.92,20.2,0.56,4.28,NGC 6402,M 14,2.42,0.7685950413223142,2290867.6527677746,0.7402730798171014,inner_<3kpc
NGC 6723,284.88812,-36.63225,8.27 ± 0.10,2.47 ± 0.02,493,4035,1.97 ± 0.04 · 105,7.21 ± 0.04,2.24 ± 0.09,1.48,3.64,5.07,38.54,3.13,2.26,9.23,5.88,11.4,0.23 − 0.79,-0.33 ± 0.14,5.9,21.5,-0.29,-0.12,0.84 ± 0.55,93.0,8.27,2.47,197000.0,7.21,2.24,-0.33,0.84,284.888123,-36.632248,0.069,-17.299,8.27 ± 0.10,2.47 ± 0.02,-94.39 ± 0.26,1.018 ± 0.006,-2.410 ± 0.006,0.21,0.28 ± 0.09,0.01 ± 0.00,-2.46 ± 0.03,100.19 ± 0.26,178.63 ± 0.23,-32.93 ± 0.23,2.07 ± 0.05,2.82 ± 0.03,8.27,2.47,-94.39,1.018,-2.41,0.28,0.01,-2.46,100.19,178.63,-32.93,2.07,2.82,NGC 6723,,2.445,0.15337423312883436,758577.5750291835,0.7403034225043877,inner_<3kpc
NGC 6139,246.91847,-38.84878,10.04 ± 0.45,3.51 ± 0.28,60,296,3.52 ± 0.34 · 105,8.97 ± 0.08,1.88 ± 0.23,0.29,1.85,2.49,58.71,5.21,3.44,8.8,6.07,14.7,0.55 − 0.79,-0.17 ± 0.17,11.7,46.4,-0.38,-0.1,,,10.04,3.51,352000.0,8.97,1.88,-0.17,,246.918466,-38.848782,342.366,6.939,10.04 ± 0.45,3.51 ± 0.28,24.41 ± 0.95,-6.083 ± 0.012,-2.705 ± 0.012,-0.05,-1.32 ± 0.43,-3.02 ± 0.14,1.21 ± 0.05,68.39 ± 0.91,-29.37 ± 0.63,130.82 ± 0.59,1.32 ± 0.23,3.58 ± 0.30,10.04,3.51,24.41,-6.083,-2.705,-1.32,-3.02,1.21,68.39,-29.37,130.82,1.32,3.58,NGC 6139,,2.45,0.4612244897959183,1174897.5549395303,0.7003994105527637,inner_<3kpc
NGC 6093 M 80,244.26004,-22.97608,10.34 ± 0.12,3.95 ± 0.08,3040,2285,3.21 ± 0.09 · 105,7.43 ± 0.03,1.97 ± 0.08,0.21,1.93,2.82,62.86,5.52,3.23,8.9,6.14,9.6,0.23 − 0.76,-0.45 ± 0.16,11.1,44.6,-0.45,-0.11,1.97 ± 0.84,99.7,10.34,3.95,321000.0,7.43,1.97,-0.45,1.97,244.26004,-22.976084,352.673,19.463,10.34 ± 0.12,3.95 ± 0.08,10.93 ± 0.39,-2.937 ± 0.010,-5.577 ± 0.010,-0.33,-1.49 ± 0.11,-1.24 ± 0.01,3.44 ± 0.04,-9.10 ± 0.40,-48.78 ± 0.48,-62.97 ± 0.47,0.87 ± 0.07,4.07 ± 0.07,10.34,3.95,10.93,-2.937,-5.577,-1.49,-1.24,3.44,-9.1,-48.78,-62.97,0.87,4.07,NGC 6093,M 80,2.47,0.6477732793522267,1380384.2646028837,0.767456056815928,inner_<3kpc
NGC 6144,246.80777,-26.0235,8.15 ± 0.13,2.50 ± 0.02,30,664,8.46 ± 0.39 · 104,9.24 ± 0.04,2.66 ± 0.16,1.0,3.7,4.97,28.82,3.14,1.92,9.04,5.73,5.3,0.36 − 0.76,0.07 ± 0.14,3.9,15.0,-0.34,-0.12,,,8.15,2.5,84600.00000000001,9.24,2.66,0.07,,246.80777,-26.0235,351.929,15.701,8.15 ± 0.13,2.50 ± 0.02,194.79 ± 0.58,-1.737 ± 0.017,-2.624 ± 0.016,-0.22,0.41 ± 0.12,-1.10 ± 0.02,2.21 ± 0.03,-184.47 ± 0.58,106.09 ± 0.63,43.41 ± 0.63,1.89 ± 0.10,3.11 ± 0.05,8.15,2.5,194.79,-1.737,-2.624,0.41,-1.1,2.21,-184.47,106.09,43.41,1.89,3.11,NGC 6144,,2.5,0.244,537031.7963702533,0.8424674282383215,inner_<3kpc
NGC 6171 M 107,248.13275,-13.05378,5.63 ± 0.08,3.74 ± 0.04,403,1872,6.12 ± 0.17 · 104,8.28 ± 0.04,1.81 ± 0.08,0.52,2.58,3.72,35.14,3.68,2.15,8.75,5.81,3.1,0.23 − 0.78,-0.20 ± 0.14,3.9,15.7,-0.33,-0.11,0.70 ± 0.46,93.9,5.63,3.74,61200.0,8.28,1.81,-0.2,0.7,248.132752,-13.053778,3.373,23.011,5.63 ± 0.08,3.74 ± 0.04,-34.71 ± 0.18,-1.936 ± 0.007,-5.979 ± 0.007,-0.02,3.00 ± 0.07,0.30 ± 0.00,2.20 ± 0.03,-10.30 ± 0.18,93.71 ± 0.18,-57.70 ± 0.18,1.21 ± 0.03,3.83 ± 0.03,5.63,3.74,-34.71,-1.936,-5.979,3.0,0.3,2.2,-10.3,93.71,-57.7,1.21,3.83,NGC 6171,M 107,2.52,0.5198412698412699,645654.2290346549,0.905212422922556,inner_<3kpc
Gran 1 ESO 456-SC29,269.651,-32.02,8.27 ± 0.67,0.60 ± 0.25,8,24,2.6 · 104,12.41,1.80,1.37,5.72,7.79,19.05,2.18,0.85,9.14,5.64,1.5,—,-0.10,1.8,6.8,-0.35,-0.09,,,8.27,0.6,26000.0,12.41,1.8,-0.1,,269.651,-32.02,358.767,-3.977,8.27 ± 0.67,0.60 ± 0.25,78.94 ± 1.44,-8.044 ± 0.038,-8.049 ± 0.031,0.42,-0.07 ± 0.67,-0.18 ± 0.01,-0.57 ± 0.05,-88.72 ± 1.43,-179.91 ± 1.29,119.01 ± 1.41,1.45 ± 0.29,3.60 ± 0.83,8.27,0.6,78.94,-8.044,-8.049,-0.07,-0.18,-0.57,-88.72,-179.91,119.01,1.45,3.6,Gran 1 ESO 456-SC29,,2.525,0.42574257425742584,436515.8322401656,0.9404374410280378,inner_<3kpc
NGC 6287,256.2889,-22.70801,7.93 ± 0.37,1.57 ± 0.04,8,300,1.30 ± 0.16 · 105,9.40 ± 0.07,2.52 ± 0.35,0.32,1.94,2.81,22.61,6.01,2.84,8.71,6.0,4.4,0.36 − 0.76,-0.57 ± 0.16,6.8,26.8,-0.35,-0.12,,,7.93,1.57,130000.0,9.4,2.52,-0.57,,256.288904,-22.708005,0.132,11.023,7.93 ± 0.37,1.57 ± 0.04,-294.74 ± 1.65,-4.991 ± 0.010,-1.886 ± 0.009,-0.02,0.40 ± 0.36,0.02 ± 0.00,1.52 ± 0.07,298.98 ± 1.62,84.28 ± 0.35,59.53 ± 0.47,0.91 ± 0.06,4.16 ± 0.17,7.93,1.57,-294.74,-4.991,-1.886,0.4,0.02,1.52,298.98,84.28,59.53,0.91,4.16,NGC 6287,,2.535,0.641025641025641,1000000.0,0.87,inner_<3kpc
NGC 6541,272.00983,-43.71489,7.61 ± 0.10,2.19 ± 0.01,7336,4372,2.57 ± 0.03 · 105,6.61 ± 0.04,1.53 ± 0.06,0.11,2.29,3.81,37.42,6.47,2.75,9.12,5.97,12.8,0.26 − 0.73,-0.75 ± 0.16,9.2,37.3,-0.39,-0.13,3.73 ± 1.15,100.0,7.61,2.19,256999.99999999997,6.61,1.53,-0.75,3.73,272.009827,-43.714889,349.286,-11.188,7.61 ± 0.10,2.19 ± 0.01,-163.97 ± 0.46,0.283 ± 0.006,-8.832 ± 0.005,0.09,0.84 ± 0.10,-1.39 ± 0.02,-1.48 ± 0.02,228.17 ± 0.45,13.34 ± 0.21,-111.74 ± 0.22,1.55 ± 0.04,3.58 ± 0.02,7.61,2.19,-163.97,0.283,-8.832,0.84,-1.39,-1.48,228.17,13.34,-111.74,1.55,3.58,NGC 6541,,2.565,0.3957115009746589,933254.3007969905,0.724619538553935,inner_<3kpc
NGC 6388,264.07178,-44.7355,11.17 ± 0.16,3.99 ± 0.13,6008,12692,1.31 ± 0.01 · 106,6.82 ± 0.03,2.30 ± 0.07,0.48,2.61,5.37,96.85,5.18,3.0,9.64,6.48,40.1,0.40 − 0.84,-1.01 ± 0.18,16.3,60.0,-0.16,-0.0,1.51 ± 0.65,99.5,11.17,3.99,1310000.0,6.82,2.3,-1.01,1.51,264.071777,-44.7355,345.556,-6.738,11.17 ± 0.16,3.99 ± 0.13,83.11 ± 0.45,-1.317 ± 0.007,-2.715 ± 0.007,0.01,-2.57 ± 0.16,-2.77 ± 0.04,-1.31 ± 0.02,-49.47 ± 0.44,78.28 ± 0.38,-19.32 ± 0.38,1.15 ± 0.02,4.05 ± 0.12,11.17,3.99,83.11,-1.317,-2.715,-2.57,-2.77,-1.31,-49.47,78.28,-19.32,1.15,4.05,NGC 6388,,2.5999999999999996,0.5576923076923077,3019951.720402019,0.5662182308578061,inner_<3kpc
Pal 8,280.37729,-19.82886,11.32 ± 0.63,4.09 ± 0.51,13,224,7.13 ± 1.53 · 104,10.11 ± 0.10,2.90 ± 0.68,1.88,3.46,6.14,36.97,2.38,1.57,9.18,5.84,3.2,—,-0.23 ± 0.30,3.2,11.7,-0.3,-0.11,,,11.32,4.09,71300.0,10.11,2.9,-0.23,,280.37729,-19.828858,14.103,-6.801,11.32 ± 0.63,4.09 ± 0.51,-39.68 ± 1.25,-1.999 ± 0.054,-5.633 ± 0.047,0.16,-2.72 ± 0.61,2.74 ± 0.15,-1.34 ± 0.07,-46.04 ± 1.42,-67.23 ± 2.54,-26.26 ± 2.79,1.09 ± 0.36,4.12 ± 0.59,11.32,4.09,-39.68,-1.999,-5.633,-2.72,2.74,-1.34,-46.04,-67.23,-26.26,1.09,4.12,Pal 8,,2.605,0.581573896353167,691830.9709189363,0.8969401443458154,inner_<3kpc
FSR 1735,253.04417,-47.05806,9.08 ± 0.53,3.25 ± 0.22,6,90,9.98 ± 1.98 · 104,14.38 ± 0.11,2.04 ± 0.46,0.52,2.08,2.69,35.32,4.04,2.79,8.56,5.83,4.4,0.65 − 0.79,-0.03 ± 0.31,5.8,22.2,-0.34,-0.1,,,9.08,3.25,99800.0,14.38,2.04,-0.03,,253.044174,-47.058056,339.188,-1.853,9.08 ± 0.53,3.25 ± 0.22,-69.85 ± 4.88,-4.570 ± 0.054,-1.515 ± 0.046,-0.11,-0.31 ± 0.49,-3.23 ± 0.19,-0.29 ± 0.02,113.12 ± 4.59,111.87 ± 2.63,120.05 ± 2.20,1.13 ± 0.14,4.12 ± 0.39,9.08,3.25,-69.85,-4.57,-1.515,-0.31,-3.23,-0.29,113.12,111.87,120.05,1.13,4.12,FSR 1735,,2.625,0.5695238095238095,676082.9753919819,0.852384982860813,inner_<3kpc
Ter 3,247.16248,-35.33983,7.64 ± 0.31,2.46 ± 0.02,31,100,3.25 ± 0.95 · 104,10.59 ± 0.17,1.41 ± 0.47,2.37,4.7,6.24,21.1,1.84,1.2,8.98,5.53,2.6,0.49 − 0.83,-0.08 ± 0.22,2.1,7.6,-0.27,-0.1,,,7.64,2.46,32500.0,10.59,1.41,-0.08,,247.162483,-35.339829,345.084,9.199,7.64 ± 0.31,2.46 ± 0.02,-135.76 ± 0.57,-5.578 ± 0.019,-1.748 ± 0.018,-0.04,0.89 ± 0.30,-1.94 ± 0.08,1.22 ± 0.05,181.97 ± 0.58,113.20 ± 0.65,89.05 ± 0.67,2.40 ± 0.05,2.88 ± 0.08,7.64,2.46,-135.76,-5.578,-1.748,0.89,-1.94,1.22,181.97,113.2,89.05,2.4,2.88,Ter 3,,2.6399999999999997,0.09090909090909091,338844.15613920277,0.9040857001333426,inner_<3kpc
NGC 6712,283.26802,-8.70596,7.38 ± 0.24,3.55 ± 0.01,216,350,9.50 ± 0.71 · 104,8.60 ± 0.03,1.56 ± 0.12,0.67,2.55,3.5,33.25,3.68,2.42,8.82,6.15,1.7,0.35 − 0.84,-0.24 ± 0.17,4.9,19.2,-0.35,-0.13,0.58 ± 0.69,45.8,7.38,3.55,95000.0,8.6,1.56,-0.24,0.58,283.268021,-8.70596,25.354,-4.318,7.38 ± 0.24,3.55 ± 0.01,-107.45 ± 0.29,3.355 ± 0.007,-4.440 ± 0.007,0.13,1.53 ± 0.21,3.15 ± 0.10,-0.56 ± 0.02,60.92 ± 0.28,123.26 ± 0.26,-159.05 ± 0.26,0.45 ± 0.10,4.84 ± 0.13,7.38,3.55,-107.45,3.355,-4.44,1.53,3.15,-0.56,60.92,123.26,-159.05,0.45,4.84,NGC 6712,,2.645,0.829867674858223,1412537.5446227554,0.9327451504835069,inner_<3kpc
Patchick 126,256.41083,-47.34222,8.00 ± 0.50,2.81 ± 0.06,7,0,5.39 ± 3.55 · 103,14.42 ± 0.30,2.53 ± 1.81,0.13,1.12,1.53,12.86,4.3,2.25,7.53,5.38,0.5,—,0.51 ± 0.30,1.9,7.7,-0.4,-0.11,,,8.0,2.81,5390.0,14.42,2.53,0.51,,256.410833,-47.342222,340.381,-3.826,8.00 ± 0.50,2.81 ± 0.06,-122.14 ± 0.77,-4.859 ± 0.038,-6.832 ± 0.033,-0.04,0.66 ± 0.47,-2.68 ± 0.17,-0.53 ± 0.03,210.96 ± 0.85,-6.02 ± 1.28,6.65 ± 1.36,2.23 ± 0.30,3.23 ± 0.07,8.0,2.81,-122.14,-4.859,-6.832,0.66,-2.68,-0.53,210.96,-6.02,6.65,2.23,3.23,Patchick 126,,2.73,0.18315018315018314,239883.29190194898,0.9775307402309489,inner_<3kpc
NGC 6535,270.96045,-0.29764,6.36 ± 0.12,4.04 ± 0.02,29,268,1.98 ± 0.19 · 104,10.10 ± 0.04,2.38 ± 0.25,0.2,2.7,3.43,24.7,4.13,1.77,8.44,5.77,0.8,0.29 − 0.79,1.13 ± 0.18,2.5,10.2,-0.35,-0.11,,,6.36,4.04,19800.0,10.1,2.38,1.13,,270.960449,-0.297639,27.176,10.436,6.36 ± 0.12,4.04 ± 0.02,-214.85 ± 0.46,-4.213 ± 0.014,-2.935 ± 0.013,0.19,2.61 ± 0.11,2.86 ± 0.06,1.15 ± 0.02,125.60 ± 0.45,27.55 ± 0.41,38.55 ± 0.41,0.96 ± 0.05,4.52 ± 0.05,6.36,4.04,-214.85,-4.213,-2.935,2.61,2.86,1.15,125.6,27.55,38.55,0.96,4.52,NGC 6535,,2.7399999999999998,0.6496350364963503,588843.6553555884,0.9663747756812574,inner_<3kpc
Ter 12,273.06583,-22.74194,5.17 ± 0.38,3.17 ± 0.34,15,198,3.76 ± 0.87 · 104,13.82 ± 0.11,1.59 ± 0.40,0.66,1.78,2.71,24.89,3.5,2.38,8.41,5.58,2.7,0.58 − 0.95,-1.31 ± 0.35,3.3,13.1,-0.35,-0.14,,,5.17,3.17,37600.0,13.82,1.59,-1.31,,273.065833,-22.741944,8.358,-2.101,5.17 ± 0.38,3.17 ± 0.34,94.01 ± 0.72,-6.234 ± 0.016,-3.063 ± 0.013,0.39,3.07 ± 0.38,0.75 ± 0.06,-0.19 ± 0.01,-127.81 ± 0.71,128.87 ± 0.36,101.76 ± 0.39,1.79 ± 0.22,3.73 ± 0.43,5.17,3.17,94.01,-6.234,-3.063,3.07,0.75,-0.19,-127.81,128.87,101.76,1.79,3.73,Ter 12,,2.76,0.35144927536231885,380189.39632056124,0.9011019235047336,inner_<3kpc
NGC 6539,271.20728,-7.58586,8.16 ± 0.39,3.09 ± 0.07,123,528,2.15 ± 0.16 · 105,9.94 ± 0.04,1.97 ± 0.16,1.39,3.69,5.16,44.86,3.22,2.27,9.26,5.86,13.9,0.59 − 0.83,-0.65 ± 0.17,6.0,22.5,-0.31,-0.1,1.94 ± 1.15,95.9,8.16,3.09,215000.0,9.94,1.97,-0.65,1.94,271.207276,-7.585858,20.795,6.776,8.16 ± 0.39,3.09 ± 0.07,35.19 ± 0.50,-6.883 ± 0.009,-3.549 ± 0.008,0.41,0.60 ± 0.36,2.88 ± 0.14,0.96 ± 0.05,-113.35 ± 0.48,25.57 ± 0.35,178.27 ± 0.34,2.14 ± 0.15,3.42 ± 0.17,8.16,3.09,35.19,-6.883,-3.549,0.6,2.88,0.96,-113.35,25.57,178.27,2.14,3.42,NGC 6539,,2.7800000000000002,0.23021582733812945,724435.9600749906,0.7032173831103801,inner_<3kpc
NGC 5986,236.5125,-37.78642,10.54 ± 0.13,4.85 ± 0.08,244,3733,2.99 ± 0.05 · 105,7.70 ± 0.04,1.71 ± 0.07,0.75,2.84,4.35,68.63,4.02,2.64,9.24,6.25,5.7,0.43 − 0.76,-0.59 ± 0.17,8.0,30.6,-0.33,-0.11,1.65 ± 0.93,97.7,10.54,4.85,299000.0,7.7,1.71,-0.59,1.65,236.512497,-37.786415,337.022,13.268,10.54 ± 0.13,4.85 ± 0.08,101.18 ± 0.43,-4.180 ± 0.017,-4.565 ± 0.017,-0.15,-1.27 ± 0.12,-4.00 ± 0.05,2.42 ± 0.03,8.15 ± 0.53,-71.93 ± 0.78,-13.39 ± 0.81,0.54 ± 0.08,5.03 ± 0.09,10.54,4.85,101.18,-4.18,-4.565,-1.27,-4.0,2.42,8.15,-71.93,-13.39,0.54,5.03,NGC 5986,,2.785,0.8061041292639138,1778279.410038923,0.8318599437680856,inner_<3kpc
NGC 5946,233.86905,-50.65971,9.64 ± 0.51,5.20 ± 0.26,38,130,1.13 ± 0.16 · 105,9.49 ± 0.08,1.91 ± 0.30,0.37,1.96,2.83,47.08,4.41,2.79,8.68,6.19,2.1,0.52 − 0.80,-0.65 ± 0.16,6.2,24.3,-0.38,-0.11,,,9.64,5.2,112999.99999999999,9.49,1.91,-0.65,,233.869051,-50.659713,327.583,4.191,9.64 ± 0.51,5.20 ± 0.26,137.60 ± 0.94,-5.317 ± 0.015,-1.639 ± 0.015,-0.2,0.06 ± 0.43,-5.16 ± 0.27,0.70 ± 0.04,7.20 ± 0.88,-21.45 ± 0.77,98.68 ± 0.70,0.48 ± 0.15,5.13 ± 0.32,9.64,5.2,137.6,-5.317,-1.639,0.06,-5.16,0.7,7.2,-21.45,98.68,0.48,5.13,NGC 5946,,2.8049999999999997,0.8288770053475937,1548816.6189124826,0.927041072119084,inner_<3kpc
NGC 6681 M 70,280.80316,-32.29211,9.36 ± 0.11,2.29 ± 0.06,1853,2228,1.05 ± 0.02 · 105,7.91 ± 0.04,1.68 ± 0.07,0.07,2.16,3.04,27.47,6.03,2.66,8.71,5.97,3.4,0.23 − 0.78,-0.17 ± 0.13,6.5,25.3,-0.38,-0.13,,,9.36,2.29,105000.0,7.91,1.68,-0.17,,280.803162,-32.29211,2.853,-12.51,9.36 ± 0.11,2.29 ± 0.06,216.62 ± 0.84,1.420 ± 0.013,-4.730 ± 0.012,0.22,-0.95 ± 0.10,0.45 ± 0.01,-2.03 ± 0.02,-199.39 ± 0.84,96.15 ± 0.55,-180.24 ± 0.58,0.81 ± 0.04,4.98 ± 0.18,9.36,2.29,216.62,1.42,-4.73,-0.95,0.45,-2.03,-199.39,96.15,-180.24,0.81,4.98,NGC 6681,M 70,2.8950000000000005,0.7202072538860103,933254.3007969905,0.8874904729500512,inner_<3kpc
NGC 6544,271.83383,-24.99822,2.58 ± 0.06,5.62 ± 0.06,83,382,8.15 ± 0.56 · 104,7.86 ± 0.23,2.30 ± 0.52,0.2,1.54,2.24,47.75,5.42,2.94,8.39,6.02,1.9,0.38 − 0.82,-0.49 ± 0.19,6.3,25.2,-0.37,-0.08,,,2.58,5.62,81500.0,7.86,2.3,-0.49,,271.833833,-24.998222,5.837,-2.202,2.58 ± 0.06,5.62 ± 0.06,-38.46 ± 0.67,-2.269 ± 0.026,-18.615 ± 0.026,0.02,5.61 ± 0.06,0.26 ± 0.01,-0.10 ± 0.00,8.81 ± 0.67,36.42 ± 0.33,-77.57 ± 0.32,0.56 ± 0.06,5.53 ± 0.12,2.58,5.62,-38.46,-2.269,-18.615,5.61,0.26,-0.1,8.81,36.42,-77.57,0.56,5.53,NGC 6544,,3.045,0.8160919540229886,1047128.5480508985,0.9221681042392529,mid_3_15kpc
Lynga 7,242.76521,-55.31778,7.90 ± 0.16,4.35 ± 0.03,26,294,6.75 ± 0.90 · 104,9.87 ± 0.14,1.41 ± 0.26,1.32,3.91,4.97,38.42,2.77,1.82,8.97,5.67,4.7,0.32 − 0.80,0.30 ± 0.16,3.4,12.8,-0.31,-0.13,,,7.9,4.35,67500.0,9.87,1.41,0.3,,242.765213,-55.317776,328.769,-2.797,7.90 ± 0.16,4.35 ± 0.03,17.86 ± 0.83,-3.836 ± 0.061,-7.071 ± 0.053,0.19,1.43 ± 0.14,-4.09 ± 0.08,-0.39 ± 0.01,125.71 ± 1.32,1.23 ± 1.90,-89.33 ± 2.11,1.79 ± 0.07,4.38 ± 0.08,7.9,4.35,17.86,-3.836,-7.071,1.43,-4.09,-0.39,125.71,1.23,-89.33,1.79,4.38,Lynga 7,,3.085,0.419773095623987,467735.1412871981,0.8556875589585993,mid_3_15kpc
NGC 6441,267.55441,-37.05145,12.73 ± 0.16,4.78 ± 0.15,5533,5975,1.39 ± 0.01 · 106,7.12 ± 0.08,1.86 ± 0.14,0.64,2.14,4.3,108.31,4.95,3.33,9.5,6.48,57.0,0.49 − 0.81,-0.88 ± 0.21,17.6,69.4,-0.33,-0.05,1.52 ± 1.66,55.3,12.73,4.78,1390000.0,7.12,1.86,-0.88,1.52,267.554413,-37.051445,353.532,-5.006,12.73 ± 0.16,4.78 ± 0.15,18.47 ± 0.56,-2.566 ± 0.020,-5.373 ± 0.020,0.17,-4.42 ± 0.16,-1.43 ± 0.02,-1.11 ± 0.01,13.63 ± 0.58,-105.17 ± 1.20,-25.31 ± 1.20,1.61 ± 0.13,4.70 ± 0.14,12.73,4.78,18.47,-2.566,-5.373,-4.42,-1.43,-1.11,13.63,-105.17,-25.31,1.61,4.7,NGC 6441,,3.1550000000000002,0.48969889064976224,3019951.720402019,0.5397277411391987,mid_3_15kpc
NGC 6749,286.31406,1.89976,7.59 ± 0.21,4.94 ± 0.04,17,44,2.05 ± 0.41 · 105,10.91 ± 0.06,1.35 ± 0.28,1.48,4.17,6.1,62.96,3.06,2.04,9.4,5.85,11.3,—,-0.71 ± 0.30,5.4,20.5,-0.35,-0.1,,,7.59,4.94,204999.99999999997,10.91,1.35,-0.71,,286.314056,1.899756,36.2,-2.205,7.59 ± 0.21,4.94 ± 0.04,-58.44 ± 0.96,-2.872 ± 0.027,-5.981 ± 0.027,0.1,2.06 ± 0.17,4.48 ± 0.13,-0.29 ± 0.01,-104.73 ± 0.96,25.00 ± 0.96,2.83 ± 0.97,1.43 ± 0.06,4.95 ± 0.05,7.59,4.94,-58.44,-2.872,-5.981,2.06,4.48,-0.29,-104.73,25.0,2.83,1.43,4.95,NGC 6749,,3.19,0.5517241379310346,707945.7843841374,0.7104298033523352,mid_3_15kpc
NGC 6553,272.32299,-25.90807,5.33 ± 0.13,2.93 ± 0.12,521,1022,2.29 ± 0.09 · 105,8.04 ± 0.06,2.59 ± 0.18,0.52,2.3,2.88,47.83,4.37,3.06,8.8,5.86,17.9,0.53 − 0.84,-0.17 ± 0.20,8.5,32.8,-0.37,-0.12,2.33 ± 0.82,100.0,5.33,2.93,229000.0,8.04,2.59,-0.17,2.33,272.322992,-25.908067,5.253,-3.029,5.33 ± 0.13,2.93 ± 0.12,-0.27 ± 0.34,0.354 ± 0.013,-0.427 ± 0.013,0.22,2.88 ± 0.13,0.49 ± 0.01,-0.28 ± 0.01,-10.62 ± 0.34,247.02 ± 0.33,-5.76 ± 0.33,2.82 ± 0.13,3.62 ± 0.11,5.33,2.93,-0.27,0.354,-0.427,2.88,0.49,-0.28,-10.62,247.02,-5.76,2.82,3.62,NGC 6553,,3.2199999999999998,0.1242236024844721,724435.9600749906,0.6838920034059397,mid_3_15kpc
NGC 6254 M 10,254.28772,-4.10031,5.07 ± 0.06,4.35 ± 0.03,5446,2796,1.89 ± 0.03 · 105,6.61 ± 0.04,1.71 ± 0.07,0.74,2.99,4.75,53.76,3.79,2.32,9.22,5.83,12.8,0.22 − 0.78,-0.60 ± 0.13,6.2,23.9,-0.38,-0.12,0.26 ± 0.56,12.0,5.07,4.35,189000.0,6.61,1.71,-0.6,0.26,254.28772,-4.100306,15.137,23.076,5.07 ± 0.06,4.35 ± 0.03,74.21 ± 0.23,-4.763 ± 0.011,-6.611 ± 0.011,-0.07,3.68 ± 0.06,1.22 ± 0.02,1.99 ± 0.03,-122.90 ± 0.24,80.21 ± 0.26,48.71 ± 0.26,1.91 ± 0.02,4.60 ± 0.04,5.07,4.35,74.21,-4.763,-6.611,3.68,1.22,1.99,-122.9,80.21,48.71,1.91,4.6,NGC 6254,M 10,3.255,0.41321044546850993,676082.9753919819,0.7204485146362088,mid_3_15kpc
Ter 10,270.74083,-26.06694,10.21 ± 0.40,2.17 ± 0.37,12,58,3.19 ± 0.98 · 105,14.73 ± 0.10,5.84 ± 1.87,0.3,3.46,4.67,41.55,4.92,2.57,9.23,6.07,12.6,0.20 − 0.80,0.00 ± 0.32,8.8,35.2,-0.4,-0.06,,,10.21,2.17,319000.0,14.73,5.84,0.0,,270.740833,-26.066944,4.421,-1.864,10.21 ± 0.40,2.17 ± 0.37,211.37 ± 2.27,-6.806 ± 0.030,-2.595 ± 0.023,0.03,-2.00 ± 0.40,0.79 ± 0.03,-0.33 ± 0.01,-249.96 ± 2.25,-1.58 ± 1.20,225.31 ± 1.36,1.07 ± 0.28,5.60 ± 1.10,10.21,2.17,211.37,-6.806,-2.595,-2.0,0.79,-0.33,-249.96,-1.58,225.31,1.07,5.6,Ter 10,,3.335,0.6791604197901049,1174897.5549395303,0.7284869658134421,mid_3_15kpc
NGC 6218 M 12,251.80907,-1.94853,5.11 ± 0.05,4.57 ± 0.02,3116,4147,1.06 ± 0.02 · 105,7.09 ± 0.04,1.89 ± 0.08,1.16,2.72,4.08,45.62,3.16,2.27,8.93,5.69,8.5,0.20 − 0.78,-0.31 ± 0.15,4.7,17.6,-0.35,-0.13,0.93 ± 0.37,100.0,5.11,4.57,106000.0,7.09,1.89,-0.31,0.93,251.809067,-1.948528,15.715,26.313,5.11 ± 0.05,4.57 ± 0.02,-41.67 ± 0.14,-0.198 ± 0.005,-6.804 ± 0.005,0.13,3.77 ± 0.04,1.24 ± 0.01,2.26 ± 0.02,-49.03 ± 0.14,114.68 ± 0.13,-85.24 ± 0.13,2.15 ± 0.02,4.71 ± 0.01,5.11,4.57,-41.67,-0.198,-6.804,3.77,1.24,2.26,-49.03,114.68,-85.24,2.15,4.71,NGC 6218,M 12,3.4299999999999997,0.3731778425655977,489778.81936844665,0.7835757778650301,mid_3_15kpc
NGC 6352,261.37128,-48.42217,5.54 ± 0.07,3.51 ± 0.04,67,1394,6.02 ± 0.21 · 104,8.06 ± 0.04,2.05 ± 0.10,0.85,3.23,4.8,31.54,3.14,1.81,8.98,5.49,6.4,0.23 − 0.83,-0.37 ± 0.16,3.4,13.2,-0.37,-0.11,,,5.54,3.51,60199.99999999999,8.06,2.05,-0.37,,261.371277,-48.422169,341.421,-7.166,5.54 ± 0.07,3.51 ± 0.04,-125.63 ± 1.01,-2.169 ± 0.008,-4.430 ± 0.008,0.17,2.96 ± 0.07,-1.75 ± 0.02,-0.69 ± 0.01,149.96 ± 0.96,170.76 ± 0.37,6.51 ± 0.24,3.09 ± 0.02,3.94 ± 0.07,5.54,3.51,-125.63,-2.169,-4.43,2.96,-1.75,-0.69,149.96,170.76,6.51,3.09,3.94,NGC 6352,,3.5149999999999997,0.12091038406827882,309029.5432513592,0.8051966185283639,mid_3_15kpc
NGC 6121 M 4,245.89674,-26.52575,1.85 ± 0.02,6.45 ± 0.01,2865,10976,9.04 ± 0.11 · 104,5.65 ± 0.04,1.65 ± 0.06,0.45,2.5,3.95,53.94,3.99,2.25,8.94,6.01,2.3,0.44 − 0.80,-0.33 ± 0.15,4.7,18.8,-0.39,-0.11,0.22 ± 0.17,81.8,1.85,6.45,90399.99999999999,5.65,1.65,-0.33,0.22,245.896744,-26.525749,350.973,15.972,1.85 ± 0.02,6.45 ± 0.01,71.22 ± 0.13,-12.511 ± 0.007,-19.017 ± 0.007,-0.21,6.42 ± 0.02,-0.28 ± 0.00,0.51 ± 0.00,-56.21 ± 0.13,45.28 ± 0.06,-3.04 ± 0.07,0.62 ± 0.07,6.52 ± 0.13,1.85,6.45,71.22,-12.511,-19.017,6.42,-0.28,0.51,-56.21,45.28,-3.04,0.62,6.52,NGC 6121,M 4,3.57,0.8263305322128851,1023292.9922807537,0.9116577552255947,mid_3_15kpc
NGC 6496,269.76535,-44.26595,9.64 ± 0.15,2.81 ± 0.09,203,585,7.44 ± 0.74 · 104,8.65 ± 0.09,1.76 ± 0.23,2.55,4.26,7.01,29.12,2.08,1.41,9.26,5.54,7.4,0.31 − 0.82,-0.25 ± 0.16,3.0,10.8,-0.24,-0.1,1.21 ± 0.63,97.1,9.64,2.81,74400.0,8.65,1.76,-0.25,1.21,269.76535,-44.265945,348.027,-10.014,9.64 ± 0.15,2.81 ± 0.09,-134.72 ± 0.26,-3.066 ± 0.006,-9.257 ± 0.005,0.16,-1.11 ± 0.15,-1.97 ± 0.03,-1.68 ± 0.03,222.91 ± 0.26,-146.82 ± 0.24,-45.56 ± 0.25,2.62 ± 0.12,4.56 ± 0.29,9.64,2.81,-134.72,-3.066,-9.257,-1.11,-1.97,-1.68,222.91,-146.82,-45.56,2.62,4.56,NGC 6496,,3.59,0.2701949860724233,346736.85045253165,0.7854280561673805,mid_3_15kpc
NGC 6809 M 55,294.99878,-30.96475,5.35 ± 0.05,4.01 ± 0.03,542,1564,1.97 ± 0.06 · 105,6.29 ± 0.03,2.10 ± 0.08,2.49,4.6,6.78,52.03,2.54,1.88,9.5,5.88,11.9,0.16 − 0.67,-0.93 ± 0.13,5.0,18.1,-0.32,-0.12,0.88 ± 0.38,99.9,5.35,4.01,197000.0,6.29,2.1,-0.93,0.88,294.998779,-30.96475,8.793,-23.272,5.35 ± 0.05,4.01 ± 0.03,174.70 ± 0.17,-3.435 ± 0.007,-9.296 ± 0.007,-0.05,3.32 ± 0.05,0.75 ± 0.01,-2.11 ± 0.02,-210.78 ± 0.17,28.97 ± 0.17,-55.46 ± 0.17,1.60 ± 0.00,5.62 ± 0.03,5.35,4.01,174.7,-3.435,-9.296,3.32,0.75,-2.11,-210.78,28.97,-55.46,1.6,5.62,NGC 6809,M 55,3.6100000000000003,0.5567867036011079,758577.5750291835,0.7403034225043877,mid_3_15kpc
FSR 1716,242.625,-53.74889,7.43 ± 0.27,4.14 ± 0.02,14,28,5.66 ± 1.97 · 104,13.06 ± 0.11,8.08 ± 2.94,1.78,3.7,5.26,34.12,2.4,1.67,9.01,5.52,5.4,—,-0.37 ± 0.30,3.0,11.1,-0.28,-0.12,,,7.43,4.14,56600.0,13.06,8.08,-0.37,,242.625,-53.748889,329.778,-1.593,7.43 ± 0.27,4.14 ± 0.02,-30.70 ± 0.98,-4.407 ± 0.029,-8.862 ± 0.026,-0.11,1.76 ± 0.23,-3.74 ± 0.13,-0.21 ± 0.01,182.51 ± 0.98,-12.33 ± 0.97,-115.33 ± 0.97,2.35 ± 0.10,4.90 ± 0.13,7.43,4.14,-30.7,-4.407,-8.862,1.76,-3.74,-0.21,182.51,-12.33,-115.33,2.35,4.9,FSR 1716,,3.625,0.3517241379310345,331131.1214825908,0.8290707326252458,mid_3_15kpc
NGC 6333 M 9,259.79909,-18.51626,8.30 ± 0.14,1.73 ± 0.02,51,576,3.08 ± 0.23 · 105,7.65 ± 0.04,2.04 ± 0.17,0.81,2.74,3.81,33.26,3.99,2.82,9.11,6.03,13.9,0.36 − 0.78,-0.39 ± 0.21,8.6,32.4,-0.33,-0.11,,,8.3,1.73,308000.0,7.65,2.04,-0.39,,259.799086,-18.516257,5.544,10.705,8.30 ± 0.14,1.73 ± 0.02,310.75 ± 2.12,-2.179 ± 0.009,-3.213 ± 0.008,0.07,0.06 ± 0.14,0.79 ± 0.01,1.54 ± 0.03,-329.48 ± 2.06,129.70 ± 0.38,66.52 ± 0.51,1.22 ± 0.02,6.14 ± 0.12,8.3,1.73,310.75,-2.179,-3.213,0.06,0.79,1.54,-329.48,129.7,66.52,1.22,6.14,NGC 6333,M 9,3.6799999999999997,0.6684782608695653,1071519.305237607,0.712557675354527,mid_3_15kpc
NGC 6284,256.12011,-24.7648,14.21 ± 0.42,6.32 ± 0.40,39,62,1.74 ± 0.29 · 105,8.99 ± 0.08,1.79 ± 0.33,0.27,2.94,4.04,73.28,4.77,2.49,9.03,5.92,7.3,0.43 − 0.82,-0.05 ± 0.16,6.8,27.6,-0.38,-0.1,,,14.21,6.32,174000.0,8.99,1.79,-0.05,,256.120114,-24.764799,358.347,9.939,14.21 ± 0.42,6.32 ± 0.40,28.62 ± 0.73,-3.205 ± 0.014,-2.004 ± 0.014,0.1,-5.81 ± 0.41,-0.40 ± 0.01,2.45 ± 0.07,-16.17 ± 0.74,15.56 ± 0.94,105.21 ± 0.94,1.02 ± 0.06,6.48 ± 0.39,14.21,6.32,28.62,-3.205,-2.004,-5.81,-0.4,2.45,-16.17,15.56,105.21,1.02,6.48,NGC 6284,,3.75,0.7280000000000001,831763.7711026708,0.7908059883765701,mid_3_15kpc
Gran 3 Patchick 125,256.256,-35.496,11.47 ± 0.75,3.76 ± 0.66,8,12,3.5 · 104,12.63,1.80,3.73,7.04,10.09,30.21,1.26,0.61,9.4,5.43,4.3,—,-0.58,1.7,6.1,-0.31,-0.1,,,11.47,3.76,35000.0,12.63,1.8,-0.58,,256.256,-35.496,349.756,3.423,11.47 ± 0.75,3.76 ± 0.66,94.87 ± 1.58,-3.851 ± 0.065,0.498 ± 0.049,-0.18,-3.09 ± 0.74,-2.04 ± 0.13,0.68 ± 0.04,-74.88 ± 1.67,134.19 ± 2.94,195.87 ± 3.23,3.55 ± 0.64,4.09 ± 0.79,11.47,3.76,94.87,-3.851,0.498,-3.09,-2.04,0.68,-74.88,134.19,195.87,3.55,4.09,Gran 3 Patchick 125,,3.82,0.07068062827225131,269153.4803926914,0.8699626698159895,mid_3_15kpc
NGC 6760,287.80027,1.03047,8.41 ± 0.43,5.17 ± 0.14,89,338,2.86 ± 0.26 · 105,8.89 ± 0.05,1.91 ± 0.19,1.08,3.35,5.74,73.42,3.52,2.29,9.34,5.93,18.9,0.67 − 0.85,-0.12 ± 0.18,6.6,25.6,-0.3,-0.06,,,8.41,5.17,286000.0,8.89,1.91,-0.12,,287.800268,1.030466,36.108,-3.924,8.41 ± 0.43,5.17 ± 0.14,-2.37 ± 1.27,-1.093 ± 0.008,-3.632 ± 0.007,0.3,1.40 ± 0.35,4.95 ± 0.25,-0.58 ± 0.03,-95.28 ± 1.04,129.61 ± 0.78,-20.16 ± 0.32,1.84 ± 0.07,5.82 ± 0.20,8.41,5.17,-2.37,-1.093,-3.632,1.4,4.95,-0.58,-95.28,129.61,-20.16,1.84,5.82,NGC 6760,,3.83,0.5195822454308094,851138.0382023759,0.6639792992872944,mid_3_15kpc
NGC 6362,262.9791,-67.04833,7.65 ± 0.07,5.20 ± 0.01,572,2042,1.17 ± 0.03 · 105,7.45 ± 0.04,1.73 ± 0.08,2.9,5.13,7.24,50.47,2.15,1.57,9.39,5.65,11.5,0.21 − 0.80,-0.49 ± 0.15,3.7,13.1,-0.23,-0.1,0.47 ± 0.40,75.2,7.65,5.2,117000.0,7.45,1.73,-0.49,0.47,262.979096,-67.048332,325.555,-17.57,7.65 ± 0.07,5.20 ± 0.01,-14.58 ± 0.18,-5.502 ± 0.006,-4.761 ± 0.006,0.07,2.16 ± 0.05,-4.12 ± 0.04,-2.31 ± 0.02,117.09 ± 0.19,40.56 ± 0.20,99.81 ± 0.20,2.64 ± 0.03,5.24 ± 0.02,7.65,5.2,-14.58,-5.502,-4.761,2.16,-4.12,-2.31,117.09,40.56,99.81,2.64,5.24,NGC 6362,,3.9400000000000004,0.3299492385786802,446683.5921509635,0.7380696267875044,mid_3_15kpc
NGC 6366,261.93436,-5.07986,3.44 ± 0.05,5.23 ± 0.04,232,1455,4.66 ± 0.19 · 104,8.85 ± 0.04,2.12 ± 0.12,2.34,3.78,6.42,37.85,1.99,1.32,9.14,5.47,4.7,0.39 − 0.83,-0.32 ± 0.17,2.5,9.1,-0.28,-0.12,0.63 ± 0.60,66.6,3.44,5.23,46600.0,8.85,2.12,-0.32,0.63,261.934357,-5.079861,18.409,16.036,3.44 ± 0.05,5.23 ± 0.04,-120.65 ± 0.19,-0.342 ± 0.008,-5.155 ± 0.008,0.2,5.04 ± 0.05,1.05 ± 0.02,0.95 ± 0.01,65.24 ± 0.18,147.16 ± 0.14,-62.03 ± 0.14,2.24 ± 0.04,5.70 ± 0.04,3.44,5.23,-120.65,-0.342,-5.155,5.04,1.05,0.95,65.24,147.16,-62.03,2.24,5.7,NGC 6366,,3.97,0.4357682619647355,295120.9226666384,0.8420986232391315,mid_3_15kpc
UKS 1,268.61331,-24.14528,15.58 ± 0.56,7.47 ± 0.54,5,0,8.0 · 104,17.29,1.80,1.02,2.99,4.07,48.03,3.15,2.15,8.9,6.19,1.5,—,0.03,4.1,15.7,-0.33,-0.13,,,15.58,7.47,80000.0,17.29,1.8,0.03,,268.613312,-24.145277,5.125,0.764,15.58 ± 0.56,7.47 ± 0.54,59.38 ± 2.63,-0.960 ± 0.207,-2.941 ± 0.135,0.13,-7.34 ± 0.56,1.39 ± 0.05,0.21 ± 0.01,-90.83 ± 2.82,35.25 ± 11.53,-40.64 ± 14.11,0.47 ± 0.15,7.80 ± 0.60,15.58,7.47,59.38,-0.96,-2.941,-7.34,1.39,0.21,-90.83,35.25,-40.64,0.47,7.8,UKS 1,,4.135,0.8863361547762999,1548816.6189124826,0.9483476616772276,mid_3_15kpc
NGC 5139 ω Cen,201.69699,-47.47947,5.43 ± 0.05,6.50 ± 0.01,4593,55653,3.94 ± 0.02 · 106,3.50 ± 0.04,2.80 ± 0.10,4.3,7.56,10.42,208.6,3.23,2.62,10.32,6.9,129.0,0.17 − 0.80,-0.80 ± 0.11,18.0,62.2,-0.19,-0.01,4.27 ± 0.52,100.0,5.43,6.5,3940000.0,3.5,2.8,-0.8,4.27,201.696991,-47.479473,309.102,14.968,5.43 ± 0.05,6.50 ± 0.01,232.78 ± 0.21,-3.236 ± 0.011,-6.731 ± 0.011,-0.12,4.87 ± 0.03,-4.07 ± 0.04,1.40 ± 0.01,-95.98 ± 0.25,-21.69 ± 0.24,-86.82 ± 0.27,1.47 ± 0.04,6.95 ± 0.03,5.43,6.5,232.78,-3.236,-6.731,4.87,-4.07,1.4,-95.98,-21.69,-86.82,1.47,6.95,NGC 5139,ω Cen,4.21,0.65083135391924,7943282.347242822,0.5039833877530986,mid_3_15kpc
NGC 4833,194.89134,-70.8765,6.48 ± 0.08,7.13 ± 0.02,176,2853,1.86 ± 0.04 · 105,7.19 ± 0.03,1.57 ± 0.06,1.27,3.26,4.58,77.06,3.29,2.37,9.15,6.01,6.4,0.24 − 0.77,-0.34 ± 0.15,6.0,22.2,-0.31,-0.1,1.14 ± 0.83,86.6,6.48,7.13,186000.0,7.19,1.57,-0.34,1.14,194.891342,-70.876503,303.604,-8.015,6.48 ± 0.08,7.13 ± 0.02,201.99 ± 0.40,-8.390 ± 0.006,-0.968 ± 0.006,0.19,4.63 ± 0.05,-5.34 ± 0.07,-0.90 ± 0.01,95.21 ± 0.27,-54.95 ± 0.34,-42.21 ± 0.19,0.85 ± 0.03,7.62 ± 0.08,6.48,7.13,201.99,-8.39,-0.968,4.63,-5.34,-0.9,95.21,-54.95,-42.21,0.85,7.62,NGC 4833,,4.235,0.7992916174734357,1023292.9922807537,0.8182338769022192,mid_3_15kpc
2MASS-GC01,272.09085,-19.82972,3.37 ± 0.62,4.90 ± 0.57,2,0,4.1 · 104,27.74,1.80,0.18,3.99,5.98,30.44,5.44,1.38,9.04,5.37,5.8,—,-0.36,2.8,11.2,-0.37,-0.1,,,3.37,4.9,41000.0,27.74,1.8,-0.36,,272.090851,-19.829723,10.471,0.1,3.37 ± 0.62,4.90 ± 0.57,-35.58 ± 0.35,-1.366 ± 0.286,-1.754 ± 0.227,0.28,4.86 ± 0.61,0.61 ± 0.11,0.01 ± 0.00,17.52 ± 0.78,211.23 ± 3.79,12.67 ± 4.34,3.61 ± 0.59,5.15 ± 0.55,3.37,4.9,-35.58,-1.366,-1.754,4.86,0.61,0.01,17.52,211.23,12.67,3.61,5.15,2MASS-GC01,,4.38,0.1757990867579909,234422.88153199226,0.825102397291347,mid_3_15kpc
NGC 6752,287.7171,-59.98455,4.12 ± 0.04,5.30 ± 0.02,7639,3855,2.61 ± 0.03 · 105,5.35 ± 0.05,2.21 ± 0.11,0.3,2.86,4.75,66.41,5.07,2.47,9.3,5.84,27.1,0.14 − 0.78,-0.67 ± 0.13,7.7,31.3,-0.39,-0.11,0.91 ± 0.34,99.9,4.12,5.3,261000.0,5.35,2.21,-0.67,0.91,287.717102,-59.984554,336.493,-25.628,4.12 ± 0.04,5.30 ± 0.02,-26.01 ± 0.12,-3.160 ± 0.012,-4.024 ± 0.012,0.03,4.77 ± 0.03,-1.48 ± 0.01,-1.78 ± 0.02,27.25 ± 0.17,172.35 ± 0.23,60.49 ± 0.22,3.38 ± 0.03,5.49 ± 0.02,4.12,5.3,-26.01,-3.16,-4.024,4.77,-1.48,-1.78,27.25,172.35,60.49,3.38,5.49,NGC 6752,,4.4350000000000005,0.23788049605411501,691830.9709189363,0.6227402198353128,mid_3_15kpc
NGC 6397,265.17538,-53.67434,2.48 ± 0.02,6.01 ± 0.02,3434,4417,8.24 ± 0.14 · 104,5.45 ± 0.04,1.42 ± 0.06,0.14,2.17,3.16,49.64,5.19,2.5,8.71,5.57,8.9,0.34 − 0.78,-0.32 ± 0.13,5.4,21.5,-0.39,-0.11,0.48 ± 0.17,100.0,2.48,6.01,82400.0,5.45,1.42,-0.32,0.48,265.175385,-53.674335,338.165,-11.96,2.48 ± 0.02,6.01 ± 0.02,18.51 ± 0.08,3.251 ± 0.005,-17.649 ± 0.005,-0.25,5.92 ± 0.02,-0.90 ± 0.01,-0.51 ± 0.00,58.24 ± 0.08,106.68 ± 0.06,-130.34 ± 0.06,2.60 ± 0.01,6.30 ± 0.01,2.48,6.01,18.51,3.251,-17.649,5.92,-0.9,-0.51,58.24,106.68,-130.34,2.6,6.3,NGC 6397,,4.45,0.41573033707865165,371535.2290971728,0.7782175321564223,mid_3_15kpc
NGC 5927,232.00287,-50.67303,8.27 ± 0.11,4.77 ± 0.03,582,4302,2.93 ± 0.05 · 105,7.74 ± 0.04,1.74 ± 0.07,1.33,3.11,5.92,64.5,3.39,2.23,9.43,5.86,33.5,0.50 − 0.81,-0.99 ± 0.15,6.6,25.2,-0.31,-0.09,0.93 ± 0.72,82.2,8.27,4.77,293000.0,7.74,1.74,-0.99,0.93,232.002869,-50.673031,326.604,4.86,8.27 ± 0.11,4.77 ± 0.03,-104.09 ± 0.28,-5.058 ± 0.006,-3.186 ± 0.006,-0.25,1.30 ± 0.09,-4.54 ± 0.06,0.70 ± 0.01,205.00 ± 0.27,114.22 ± 0.25,7.05 ± 0.23,4.03 ± 0.01,5.48 ± 0.07,8.27,4.77,-104.09,-5.058,-3.186,1.3,-4.54,0.7,205.0,114.22,7.05,4.03,5.48,NGC 5927,,4.755000000000001,0.15247108307045215,724435.9600749906,0.5955474104713551,mid_3_15kpc
NGC 7099 M 30,325.09213,-23.17986,8.46 ± 0.09,7.36 ± 0.04,2902,2021,1.21 ± 0.03 · 105,7.37 ± 0.05,1.61 ± 0.08,0.09,2.54,4.27,71.2,6.74,2.28,9.01,5.76,8.2,0.20 − 0.77,-0.75 ± 0.13,5.9,21.0,-0.39,-0.08,1.10 ± 0.40,100.0,8.46,7.36,121000.0,7.37,1.61,-0.75,1.1,325.092133,-23.179861,27.179,-46.835,8.46 ± 0.09,7.36 ± 0.04,-185.19 ± 0.17,-0.732 ± 0.008,-7.307 ± 0.007,0.29,3.03 ± 0.05,2.64 ± 0.03,-6.17 ± 0.06,1.80 ± 0.27,-80.48 ± 0.29,107.84 ± 0.25,1.51 ± 0.01,8.56 ± 0.08,8.46,7.36,-185.19,-0.732,-7.307,3.03,2.64,-6.17,1.8,-80.48,107.84,1.51,8.56,NGC 7099,M 30,5.035,0.7000993048659385,575439.9373371566,0.7897260997213255,mid_3_15kpc
NGC 4372,186.4391,-72.65908,5.71 ± 0.21,7.22 ± 0.04,199,1846,1.89 ± 0.07 · 105,7.37 ± 0.05,1.98 ± 0.12,3.55,5.77,8.34,74.01,2.12,1.59,9.63,5.75,20.5,0.16 − 0.77,-0.86 ± 0.18,4.4,15.5,-0.29,-0.11,1.36 ± 0.68,99.2,5.71,7.22,189000.0,7.37,1.98,-0.86,1.36,186.439101,-72.659084,300.993,-9.884,5.71 ± 0.21,7.22 ± 0.04,75.59 ± 0.30,-6.409 ± 0.004,3.309 ± 0.005,0.18,5.28 ± 0.11,-4.82 ± 0.18,-0.98 ± 0.04,100.02 ± 0.18,84.28 ± 0.26,64.83 ± 0.13,2.88 ± 0.10,7.26 ± 0.03,5.71,7.22,75.59,-6.409,3.309,5.28,-4.82,-0.98,100.02,84.28,64.83,2.88,7.26,NGC 4372,,5.07,0.4319526627218935,562341.3251903491,0.6639051915026436,mid_3_15kpc
NGC 6205 M 13,250.42181,36.45986,7.42 ± 0.08,8.64 ± 0.04,426,6668,4.84 ± 0.06 · 105,5.81 ± 0.04,2.05 ± 0.08,1.75,3.47,5.21,130.27,3.35,2.61,9.47,6.11,26.4,0.30 − 0.74,-0.94 ± 0.12,8.9,32.4,-0.26,-0.1,1.53 ± 0.61,99.9,7.42,8.64,484000.0,5.81,2.05,-0.94,1.53,250.421814,36.459862,59.007,40.913,7.42 ± 0.08,8.64 ± 0.04,-244.90 ± 0.30,-3.138 ± 0.006,-2.572 ± 0.006,0.23,5.29 ± 0.03,4.81 ± 0.05,4.86 ± 0.05,30.36 ± 0.24,-14.96 ± 0.26,-77.75 ± 0.26,1.51 ± 0.01,8.73 ± 0.04,7.42,8.64,-244.9,-3.138,-2.572,5.29,4.81,4.86,30.36,-14.96,-77.75,1.51,8.73,NGC 6205,M 13,5.12,0.705078125,1288249.551693135,0.6242963955517136,mid_3_15kpc
Djor 1,266.86958,-33.06639,9.88 ± 0.65,1.82 ± 0.59,8,129,8.43 ± 1.36 · 104,13.08 ± 0.12,1.93 ± 0.38,0.8,4.1,5.62,25.36,3.32,1.76,9.12,5.77,4.7,0.57 − 0.77,-0.31 ± 0.28,3.8,14.8,-0.37,-0.1,,,9.88,1.82,84300.0,13.08,1.93,-0.31,,266.869583,-33.066389,356.675,-2.484,9.88 ± 0.65,1.82 ± 0.59,-359.18 ± 1.64,-4.725 ± 0.028,-8.470 ± 0.021,-0.02,-1.68 ± 0.65,-0.57 ± 0.04,-0.43 ± 0.03,374.13 ± 1.63,-180.09 ± 1.08,7.50 ± 1.22,1.19 ± 0.31,9.29 ± 3.67,9.88,1.82,-359.18,-4.725,-8.47,-1.68,-0.57,-0.43,374.13,-180.09,7.5,1.19,9.29,Djor 1,,5.239999999999999,0.7729007633587787,588843.6553555884,0.8568380600974748,mid_3_15kpc
IC 1276,272.68444,-7.2076,4.55 ± 0.25,4.34 ± 0.17,33,300,7.43 ± 0.70 · 104,9.92 ± 0.06,1.81 ± 0.20,0.87,3.2,4.98,37.75,3.2,1.86,9.04,5.45,11.3,—,-0.51 ± 0.30,3.7,14.3,-0.36,-0.12,,,4.55,4.34,74300.0,9.92,1.81,-0.51,,272.684441,-7.207595,21.832,5.668,4.55 ± 0.25,4.34 ± 0.17,155.06 ± 0.69,-2.555 ± 0.015,-4.586 ± 0.015,0.04,3.97 ± 0.23,1.69 ± 0.09,0.45 ± 0.02,-196.33 ± 0.65,204.37 ± 0.40,24.13 ± 0.34,3.69 ± 0.09,6.93 ± 0.41,4.55,4.34,155.06,-2.555,-4.586,3.97,1.69,0.45,-196.33,204.37,24.13,3.69,6.93,IC 1276,,5.31,0.3050847457627119,281838.2931264455,0.7363736517994535,mid_3_15kpc
NGC 6235,253.35568,-22.17745,11.94 ± 0.38,4.42 ± 0.33,21,120,9.60 ± 1.80 · 104,9.62 ± 0.04,2.30 ± 0.44,1.16,3.36,5.07,36.93,3.04,1.94,9.12,5.47,14.3,—,-0.59 ± 0.30,4.1,15.5,-0.36,-0.11,,,11.94,4.42,96000.0,9.62,2.3,-0.59,,253.355676,-22.177447,358.918,13.518,11.94 ± 0.38,4.42 ± 0.33,126.68 ± 0.33,-3.942 ± 0.032,-7.602 ± 0.031,-0.13,-3.43 ± 0.37,-0.22 ± 0.01,2.79 ± 0.09,-144.47 ± 0.52,-227.91 ± 1.76,-43.18 ± 1.72,3.50 ± 0.38,7.49 ± 1.09,11.94,4.42,126.68,-3.942,-7.602,-3.43,-0.22,2.79,-144.47,-227.91,-43.18,3.5,7.49,NGC 6235,,5.495,0.36305732484076436,295120.9226666384,0.6747096101063654,mid_3_15kpc
NGC 5897,229.35166,-21.01012,12.55 ± 0.24,7.41 ± 0.18,160,844,1.67 ± 0.10 · 105,8.48 ± 0.04,2.37 ± 0.16,5.0,7.62,10.9,72.04,1.66,1.19,9.79,5.72,17.2,0.24 − 0.79,-1.01 ± 0.11,3.6,12.5,-0.2,-0.09,1.02 ± 0.79,82.0,12.55,7.41,167000.0,8.48,2.37,-1.01,1.02,229.351659,-21.010122,342.946,30.294,12.55 ± 0.24,7.41 ± 0.18,101.31 ± 0.22,-5.415 ± 0.006,-3.392 ± 0.006,-0.33,-2.18 ± 0.19,-3.18 ± 0.06,6.33 ± 0.12,34.52 ± 0.27,-129.35 ± 0.34,91.18 ± 0.32,2.45 ± 0.22,8.83 ± 0.29,12.55,7.41,101.31,-5.415,-3.392,-2.18,-3.18,6.33,34.52,-129.35,91.18,2.45,8.83,NGC 5897,,5.640000000000001,0.5656028368794326,524807.4602497723,0.6817880601001376,mid_3_15kpc
NGC 6341 M 92,259.28076,43.13594,8.50 ± 0.07,9.85 ± 0.04,397,3338,2.73 ± 0.05 · 105,6.51 ± 0.03,1.68 ± 0.05,0.29,2.03,3.59,113.0,6.3,2.85,9.1,5.98,13.9,0.15 − 0.77,-0.83 ± 0.12,9.1,36.4,-0.42,-0.12,1.46 ± 0.61,99.9,8.5,9.85,273000.0,6.51,1.68,-0.83,1.46,259.280762,43.135944,68.338,34.859,8.50 ± 0.07,9.85 ± 0.04,-120.55 ± 0.27,-4.934 ± 0.012,-0.630 ± 0.012,0.13,5.60 ± 0.02,6.48 ± 0.05,4.86 ± 0.04,22.97 ± 0.46,39.48 ± 0.37,98.27 ± 0.42,1.25 ± 0.02,10.62 ± 0.05,8.5,9.85,-120.55,-4.934,-0.63,5.6,6.48,4.86,22.97,39.48,98.27,1.25,10.62,NGC 6341,M 92,5.935,0.7893850042123,954992.5860214368,0.7141339063821047,mid_3_15kpc
NGC 6838 M 71,298.44373,18.77919,4.00 ± 0.05,6.86 ± 0.01,311,1308,3.78 ± 0.14 · 104,7.16 ± 0.03,0.99 ± 0.05,1.07,3.32,4.81,40.95,2.72,1.61,8.9,5.24,7.8,0.25 − 0.82,-0.17 ± 0.15,2.6,10.2,-0.37,-0.12,0.74 ± 0.42,97.8,4.0,6.86,37800.0,7.16,0.99,-0.17,0.74,298.443726,18.779194,56.746,-4.564,4.00 ± 0.05,6.86 ± 0.01,-22.72 ± 0.20,-3.412 ± 0.011,-2.662 ± 0.011,-0.06,5.99 ± 0.03,3.34 ± 0.04,-0.32 ± 0.00,-63.91 ± 0.21,193.37 ± 0.21,38.86 ± 0.22,4.81 ± 0.02,7.12 ± 0.00,4.0,6.86,-22.72,-3.412,-2.662,5.99,3.34,-0.32,-63.91,193.37,38.86,4.81,7.12,NGC 6838,M 71,5.965,0.19362950544844934,173780.08287493762,0.7824837036865548,mid_3_15kpc
BH 140,193.47292,-67.17728,4.81 ± 0.25,6.86 ± 0.01,24,590,6.12 ± 0.51 · 104,9.14 ± 0.12,2.55 ± 0.35,4.81,6.22,9.73,51.77,1.31,0.9,9.48,5.51,6.2,—,-0.57 ± 0.30,2.3,8.1,-0.18,-0.09,,,4.81,6.86,61200.0,9.14,2.55,-0.57,,193.472915,-67.177276,303.171,-4.307,4.81 ± 0.25,6.86 ± 0.01,90.30 ± 0.35,-14.901 ± 0.069,1.258 ± 0.073,0.17,5.55 ± 0.13,-4.01 ± 0.21,-0.36 ± 0.02,222.36 ± 1.33,-10.80 ± 0.91,32.29 ± 1.66,2.01 ± 0.11,10.00 ± 0.57,4.81,6.86,90.3,-14.901,1.258,5.55,-4.01,-0.36,222.36,-10.8,32.29,2.01,10.0,BH 140,,6.005,0.6652789342214821,323593.6569296281,0.8108739195301682,mid_3_15kpc
Gran 2,257.89,-24.849,15.84 ± 1.55,7.85 ± 1.48,1,28,4.2 · 104,12.56,1.80,2.84,8.78,12.29,55.3,1.5,0.47,9.54,5.3,7.7,—,-0.70,1.6,6.3,-0.34,-0.06,,,15.84,7.85,42000.0,12.56,1.8,-0.7,,257.89,-24.849,359.229,8.586,15.84 ± 1.55,7.85 ± 1.48,53.22 ± 1.67,0.227 ± 0.027,-2.568 ± 0.022,-0.02,-7.48 ± 1.53,-0.21 ± 0.02,2.36 ± 0.23,-80.46 ± 1.69,103.84 ± 1.79,-108.80 ± 1.92,3.80 ± 0.59,8.39 ± 1.49,15.84,7.85,53.22,0.227,-2.568,-7.48,-0.21,2.36,-80.46,103.84,-108.8,3.8,8.39,Gran 2,,6.095000000000001,0.37653814602132896,199526.2314968879,0.7895013618765456,mid_3_15kpc
VVV-CL160,271.7375,-20.01111,6.80 ± 0.50,1.91 ± 0.31,13,0,5.28 ± 2.19 · 104,15.60 ± 0.50,2.53 ± 1.60,0.81,3.28,4.5,19.52,3.15,1.84,8.9,5.84,2.1,—,-0.12 ± 0.30,3.2,12.8,-0.35,-0.12,,,6.8,1.91,52800.0,15.6,2.53,-0.12,,271.7375,-20.011111,10.151,0.302,6.80 ± 0.50,1.91 ± 0.31,245.28 ± 0.78,-2.025 ± 0.133,-16.766 ± 0.104,0.31,1.48 ± 0.49,1.20 ± 0.09,0.04 ± 0.00,-342.40 ± 0.99,-200.24 ± 3.54,-197.76 ± 4.08,0.85 ± 0.06,11.52 ± 1.17,6.8,1.91,245.28,-2.025,-16.766,1.48,1.2,0.04,-342.4,-200.24,-197.76,0.85,11.52,VVV-CL160,,6.185,0.862570735650768,691830.9709189363,0.923680780104615,mid_3_15kpc
NGC 6656 M 22,279.09976,-23.90475,3.30 ± 0.04,5.00 ± 0.03,6324,5434,4.70 ± 0.06 · 105,5.06 ± 0.04,2.02 ± 0.08,0.88,3.18,5.21,76.82,4.02,2.6,9.49,6.04,47.3,0.18 − 0.74,-0.90 ± 0.15,9.1,35.5,-0.39,-0.09,3.38 ± 0.71,100.0,3.3,5.0,470000.0,5.06,2.02,-0.9,3.38,279.099762,-23.904749,9.892,-7.552,3.30 ± 0.04,5.00 ± 0.03,-148.72 ± 0.78,9.841 ± 0.009,-5.607 ± 0.009,0.2,4.95 ± 0.04,0.56 ± 0.01,-0.43 ± 0.00,155.31 ± 0.76,212.88 ± 0.19,-148.73 ± 0.18,2.97 ± 0.02,9.59 ± 0.02,3.3,5.0,-148.72,9.841,-5.607,4.95,0.56,-0.43,155.31,212.88,-148.73,2.97,9.59,NGC 6656,M 22,6.28,0.5270700636942675,1096478.196143185,0.5713549055027225,mid_3_15kpc
NGC 362,15.80942,-70.84878,8.83 ± 0.10,9.62 ± 0.06,2342,4286,2.52 ± 0.04 · 105,6.48 ± 0.03,1.28 ± 0.04,0.43,2.21,3.36,86.94,4.57,2.91,9.01,6.05,7.5,0.26 − 0.82,-0.76 ± 0.13,8.6,34.0,-0.38,-0.11,0.51 ± 0.56,53.0,8.83,9.62,252000.0,6.48,1.28,-0.76,0.51,15.809416,-70.848778,301.533,-46.247,8.83 ± 0.10,9.62 ± 0.06,223.12 ± 0.28,6.692 ± 0.009,-2.533 ± 0.009,-0.15,4.98 ± 0.03,-5.20 ± 0.06,-6.38 ± 0.07,93.45 ± 0.36,-98.32 ± 0.33,-67.93 ± 0.32,0.73 ± 0.06,11.84 ± 0.13,8.83,9.62,223.12,6.692,-2.533,4.98,-5.2,-6.38,93.45,-98.32,-67.93,0.73,11.84,NGC 362,,6.285,0.8838504375497215,1122018.4543019629,0.775404763590296,mid_3_15kpc
NGC 6356,260.8958,-17.81303,15.66 ± 0.92,7.86 ± 0.86,54,98,5.65 ± 0.80 · 105,8.32 ± 0.07,2.59 ± 0.40,1.53,3.99,7.73,118.2,3.38,2.19,9.78,6.09,62.3,—,-0.96 ± 0.30,8.1,31.1,-0.3,-0.06,,,15.66,7.86,565000.0,8.32,2.59,-0.96,,260.895804,-17.813027,6.724,10.22,15.66 ± 0.92,7.86 ± 0.87,48.18 ± 1.82,-3.769 ± 0.011,-3.410 ± 0.010,0.03,-7.12 ± 0.90,1.80 ± 0.11,2.78 ± 0.16,-83.82 ± 1.79,-106.31 ± 0.76,111.08 ± 0.82,3.62 ± 1.13,8.99 ± 1.26,15.66,7.86,48.18,-3.769,-3.41,-7.12,1.8,2.78,-83.82,-106.31,111.08,3.62,8.99,NGC 6356,,6.305,0.4258524980174465,1230268.770812381,0.5407507583672837,mid_3_15kpc
NGC 104 47 Tuc,6.02379,-72.08131,4.52 ± 0.03,7.52 ± 0.01,7177,27460,8.53 ± 0.05 · 105,4.08 ± 0.05,1.87 ± 0.09,0.61,4.03,6.44,124.63,4.72,2.61,9.7,6.24,106.3,0.22 − 0.86,-0.65 ± 0.12,11.9,47.4,-0.4,-0.04,5.00 ± 0.32,100.0,4.52,7.52,852999.9999999999,4.08,1.87,-0.65,5.0,6.023792,-72.081306,305.895,-44.889,4.52 ± 0.03,7.52 ± 0.01,-17.45 ± 0.16,5.253 ± 0.008,-2.557 ± 0.008,-0.03,6.30 ± 0.01,-2.59 ± 0.02,-3.19 ± 0.02,77.52 ± 0.17,170.83 ± 0.17,46.02 ± 0.17,5.47 ± 0.01,7.51 ± 0.00,4.52,7.52,-17.45,5.253,-2.557,6.3,-2.59,-3.19,77.52,170.83,46.02,5.47,7.51,NGC 104,47 Tuc,6.49,0.15716486902927582,1737800.8287493763,0.5091497334514055,mid_3_15kpc
Pal 11,296.31,-8.00722,14.02 ± 0.51,8.70 ± 0.41,13,18,1.42 ± 0.58 · 104,11.86 ± 0.03,1.50 ± 0.61,4.1,6.1,9.75,32.78,0.81,0.26,9.17,5.04,3.4,0.71 − 0.85,-0.53 ± 0.41,1.1,4.0,-0.21,-0.11,,,14.02,8.7,14200.0,11.86,1.5,-0.53,,296.31,-8.007222,31.805,-15.576,14.02 ± 0.51,8.70 ± 0.42,-67.64 ± 0.76,-1.741 ± 0.025,-4.973 ± 0.022,0.17,-3.30 ± 0.42,7.12 ± 0.26,-3.77 ± 0.14,-129.70 ± 1.12,-83.56 ± 1.36,-14.16 ± 1.60,4.49 ± 0.73,8.68 ± 0.47,14.02,8.7,-67.64,-1.741,-4.973,-3.3,7.12,-3.77,-129.7,-83.56,-14.16,4.49,8.68,Pal 11,,6.585,0.3181473044798785,109647.8196143185,0.8704944608114609,mid_3_15kpc
NGC 5286,206.61171,-51.37425,11.10 ± 0.14,8.46 ± 0.09,1704,1892,4.24 ± 0.09 · 105,7.35 ± 0.03,1.77 ± 0.06,0.49,2.37,3.58,95.48,4.61,3.05,9.15,6.12,13.5,0.37 − 0.75,-0.72 ± 0.16,10.7,41.8,-0.36,-0.1,0.76 ± 0.95,40.6,11.1,8.46,424000.0,7.35,1.77,-0.72,0.76,206.61171,-51.374249,311.614,10.568,11.10 ± 0.14,8.46 ± 0.09,62.38 ± 0.40,0.187 ± 0.007,-0.160 ± 0.007,0.08,0.93 ± 0.09,-8.16 ± 0.11,2.03 ± 0.03,-58.91 ± 0.39,210.15 ± 0.39,8.54 ± 0.37,0.93 ± 0.05,12.78 ± 0.16,11.1,8.46,62.38,0.187,-0.16,0.93,-8.16,2.03,-58.91,210.15,8.54,0.93,12.78,NGC 5286,,6.8549999999999995,0.8643326039387309,1318256.7385564074,0.6783631081876261,mid_3_15kpc
NGC 288,13.1885,-26.58261,8.99 ± 0.09,12.21 ± 0.06,549,2637,9.62 ± 0.37 · 104,8.10 ± 0.04,2.22 ± 0.12,3.5,5.84,8.56,95.16,1.83,1.26,9.49,5.6,9.3,0.22 − 0.82,-0.66 ± 0.11,3.1,10.9,-0.31,-0.1,0.42 ± 0.32,84.3,8.99,12.21,96199.99999999999,8.1,2.22,-0.66,0.42,13.1885,-26.582611,151.285,-89.38,8.99 ± 0.09,12.21 ± 0.06,-44.45 ± 0.13,4.157 ± 0.004,-5.705 ± 0.004,0.45,8.26 ± 0.00,0.05 ± 0.00,-8.99 ± 0.09,4.20 ± 0.15,-48.34 ± 0.16,50.29 ± 0.13,1.93 ± 0.10,12.34 ± 0.07,8.99,12.21,-44.45,4.157,-5.705,8.26,0.05,-8.99,4.2,-48.34,50.29,1.93,12.34,NGC 288,,7.135,0.7295024526979678,398107.1705534969,0.7583565252887783,mid_3_15kpc
NGC 6779 M 56,289.14819,30.18347,10.43 ± 0.14,9.91 ± 0.09,101,733,1.66 ± 0.08 · 105,8.15 ± 0.05,1.55 ± 0.10,0.98,2.96,4.42,92.17,3.48,2.36,9.11,5.85,9.7,0.31 − 0.77,-0.56 ± 0.15,5.8,21.9,-0.35,-0.13,1.09 ± 1.52,35.1,10.43,9.91,166000.0,8.15,1.55,-0.56,1.09,289.148193,30.183472,62.659,8.336,10.43 ± 0.14,9.91 ± 0.09,-136.97 ± 0.45,-2.003 ± 0.007,1.617 ± 0.007,0.07,3.44 ± 0.06,9.17 ± 0.13,1.51 ± 0.02,83.50 ± 0.37,128.29 ± 0.43,110.44 ± 0.35,1.30 ± 0.08,13.13 ± 0.16,10.43,9.91,-136.97,-2.003,1.617,3.44,9.17,1.51,83.5,128.29,110.44,1.3,13.13,NGC 6779,M 56,7.215000000000001,0.8198198198198198,707945.7843841374,0.7655187675926226,mid_3_15kpc
NGC 7078 M 15,322.49304,12.167,10.71 ± 0.10,10.76 ± 0.07,4132,6157,5.18 ± 0.07 · 105,6.28 ± 0.07,1.29 ± 0.08,0.06,2.03,3.66,132.13,6.65,3.09,9.21,6.05,65.0,0.18 − 0.73,-0.97 ± 0.12,13.1,48.9,-0.37,-0.07,3.29 ± 0.51,100.0,10.71,10.76,518000.0,6.28,1.29,-0.97,3.29,322.493042,12.167001,65.013,-27.313,10.71 ± 0.10,10.76 ± 0.07,-106.84 ± 0.30,-0.648 ± 0.009,-3.801 ± 0.008,0.13,4.16 ± 0.04,8.62 ± 0.08,-4.91 ± 0.04,-106.01 ± 0.42,53.95 ± 0.35,-30.30 ± 0.41,3.90 ± 0.06,10.77 ± 0.06,10.71,10.76,-106.84,-0.648,-3.801,4.16,8.62,-4.91,-106.01,53.95,-30.3,3.9,10.77,NGC 7078,M 15,7.335,0.4683026584867075,1122018.4543019629,0.5383320140467196,mid_3_15kpc
ESO 280-SC06,272.275,-46.42333,20.95 ± 0.65,13.41 ± 0.62,18,0,4.01 ± 1.65 · 104,12.23 ± 0.20,5.29 ± 2.39,2.46,7.02,9.69,76.05,1.67,0.73,9.36,5.54,3.4,—,-0.40 ± 0.30,1.8,6.8,-0.3,-0.08,,,20.95,13.41,40100.0,12.23,5.29,-0.4,,272.275,-46.423333,346.899,-12.571,20.95 ± 0.65,13.41 ± 0.62,93.20 ± 0.34,-0.695 ± 0.020,-2.776 ± 0.016,0.23,-11.73 ± 0.61,-4.63 ± 0.14,-4.56 ± 0.14,-23.96 ± 0.60,-35.85 ± 1.67,-71.97 ± 1.91,1.55 ± 0.33,13.82 ± 0.71,20.95,13.41,93.2,-0.695,-2.776,-11.73,-4.63,-4.56,-23.96,-35.85,-71.97,1.55,13.82,ESO 280-SC06,,7.6850000000000005,0.7983083929733246,346736.85045253165,0.8843503367246232,mid_3_15kpc
NGC 2808,138.01291,-64.86349,10.06 ± 0.11,11.58 ± 0.08,5589,9104,7.91 ± 0.08 · 105,6.13 ± 0.04,1.38 ± 0.05,0.74,2.45,3.75,160.53,4.52,3.25,9.31,6.29,30.2,0.22 − 0.83,-0.60 ± 0.14,13.8,53.1,-0.36,-0.1,2.25 ± 0.56,100.0,10.06,11.58,791000.0,6.13,1.38,-0.6,2.25,138.012909,-64.863495,282.193,-11.253,10.06 ± 0.11,11.58 ± 0.08,103.57 ± 0.27,1.004 ± 0.007,0.269 ± 0.007,-0.03,6.09 ± 0.02,-9.64 ± 0.11,-1.96 ± 0.02,-56.43 ± 0.32,149.30 ± 0.28,30.31 ± 0.32,1.08 ± 0.02,14.60 ± 0.11,10.06,11.58,103.57,1.004,0.269,6.09,-9.64,-1.96,-56.43,149.3,30.31,1.08,14.6,NGC 2808,,7.84,0.8622448979591837,1949844.5997580455,0.5943266452628304,mid_3_15kpc
FSR 1758,262.8,-39.808,11.09 ± 0.74,3.46 ± 0.63,39,304,4.91 ± 0.51 · 105,9.14 ± 0.06,2.44 ± 0.29,10.12,12.51,16.23,110.0,1.37,1.14,10.09,6.03,62.2,0.45 − 0.79,0.72 ± 0.24,5.2,16.1,-0.05,-0.04,,,11.09,3.46,491000.0,9.14,2.44,0.72,,262.8,-39.808,349.217,-3.292,11.09 ± 0.74,3.46 ± 0.63,227.31 ± 0.59,-2.875 ± 0.008,2.509 ± 0.007,0.08,-2.69 ± 0.72,-2.07 ± 0.14,-0.64 ± 0.04,-250.44 ± 0.58,235.01 ± 0.39,192.45 ± 0.39,3.63 ± 0.62,13.22 ± 3.42,11.09,3.46,227.31,-2.875,2.509,-2.69,-2.07,-0.64,-250.44,235.01,192.45,3.63,13.22,FSR 1758,,8.425,0.5691394658753709,1071519.305237607,0.5417721383086778,mid_3_15kpc
NGC 6864 M 75,301.51978,-21.92116,20.52 ± 0.45,14.30 ± 0.42,46,513,4.59 ± 0.58 · 105,8.51 ± 0.04,2.05 ± 0.27,0.41,2.05,2.94,156.02,4.96,3.33,9.0,6.11,20.6,0.57 − 0.82,-0.45 ± 0.16,12.3,48.4,-0.36,-0.1,,,20.52,14.3,459000.0,8.51,2.05,-0.45,,301.519784,-21.921164,20.304,-25.747,20.52 ± 0.45,14.30 ± 0.41,-189.08 ± 1.12,-0.614 ± 0.016,-2.796 ± 0.015,0.18,-9.15 ± 0.38,6.41 ± 0.14,-8.91 ± 0.20,69.15 ± 1.26,-71.35 ± 1.46,53.63 ± 1.47,1.12 ± 0.21,16.15 ± 0.58,20.52,14.3,-189.08,-0.614,-2.796,-9.15,6.41,-8.91,69.15,-71.35,53.63,1.12,16.15,NGC 6864,M 75,8.635,0.8702953097857555,1288249.551693135,0.6437025734674308,mid_3_15kpc
NGC 2298,102.24754,-36.00531,9.83 ± 0.17,15.07 ± 0.14,42,558,4.98 ± 0.29 · 104,9.06 ± 0.03,1.70 ± 0.11,0.43,2.41,3.2,73.11,3.85,2.26,8.58,5.78,2.4,0.25 − 0.77,0.17 ± 0.13,3.9,15.3,-0.36,-0.12,,,9.83,15.07,49800.00000000001,9.06,1.7,0.17,,102.247543,-36.005306,245.629,-16.006,9.83 ± 0.17,15.07 ± 0.14,147.15 ± 0.57,3.312 ± 0.007,-2.183 ± 0.007,0.09,12.08 ± 0.07,-8.61 ± 0.15,-2.71 ± 0.05,-79.73 ± 0.39,34.25 ± 0.52,67.05 ± 0.36,0.97 ± 0.15,16.49 ± 0.22,9.83,15.07,147.15,3.312,-2.183,12.08,-8.61,-2.71,-79.73,34.25,67.05,0.97,16.49,NGC 2298,,8.729999999999999,0.888888888888889,602559.5860743581,0.9173525720096095,mid_3_15kpc
Pal 10,289.50873,18.57167,8.94 ± 1.18,7.60 ± 0.59,12,294,1.25 ± 0.21 · 105,12.37 ± 0.03,1.45 ± 0.25,2.23,4.03,6.91,63.38,2.41,1.66,9.39,5.5,32.4,—,-0.74 ± 0.30,3.9,14.6,-0.29,-0.09,,,8.94,7.6,125000.0,12.37,1.45,-0.74,,289.508728,18.571667,52.436,2.725,8.94 ± 1.18,7.60 ± 0.59,-31.70 ± 0.23,-4.326 ± 0.010,-7.173 ± 0.010,0.11,2.73 ± 0.72,7.08 ± 0.94,0.43 ± 0.06,-272.22 ± 0.38,10.22 ± 0.33,26.44 ± 0.44,6.38 ± 1.14,12.79 ± 6.02,8.94,7.6,-31.7,-4.326,-7.173,2.73,7.08,0.43,-272.22,10.22,26.44,6.38,12.79,Pal 10,,9.584999999999999,0.33437663015127805,316227.7660168379,0.6047152924789525,mid_3_15kpc
NGC 7089 M 2,323.36258,-0.82325,11.69 ± 0.11,10.54 ± 0.08,3931,5331,6.24 ± 0.08 · 105,6.48 ± 0.04,1.76 ± 0.07,0.71,3.05,4.76,110.77,4.46,2.84,9.45,6.26,20.3,0.24 − 0.78,-0.87 ± 0.16,11.1,43.6,-0.37,-0.08,3.01 ± 0.70,100.0,11.69,10.54,624000.0,6.48,1.76,-0.87,3.01,323.362579,-0.82325,53.371,-35.77,11.69 ± 0.11,10.54 ± 0.08,-3.78 ± 0.30,3.445 ± 0.009,-2.177 ± 0.009,-0.07,2.52 ± 0.06,7.61 ± 0.07,-6.83 ± 0.07,73.27 ± 0.47,146.63 ± 0.42,-173.80 ± 0.45,0.88 ± 0.06,18.74 ± 0.22,11.69,10.54,-3.78,3.445,-2.177,2.52,7.61,-6.83,73.27,146.63,-173.8,0.88,18.74,NGC 7089,M 2,9.809999999999999,0.9102956167176351,1819700.8586099825,0.6570864947128421,mid_3_15kpc
NGC 1904 M 79,81.04584,-24.52442,13.08 ± 0.18,19.09 ± 0.16,1313,372,1.81 ± 0.07 · 105,7.94 ± 0.04,1.81 ± 0.10,0.33,2.58,4.33,66.21,4.56,2.43,9.14,6.46,2.0,0.52 − 0.80,-1.38 ± 0.23,6.7,27.6,-0.42,-0.11,2.24 ± 0.46,100.0,13.08,19.09,181000.0,7.94,1.81,-1.38,2.24,81.045837,-24.524416,227.23,-29.35,13.08 ± 0.18,19.09 ± 0.16,205.76 ± 0.20,2.470 ± 0.007,-1.599 ± 0.008,0.02,15.92 ± 0.11,-8.37 ± 0.12,-6.41 ± 0.09,43.71 ± 0.39,-17.22 ± 0.38,5.41 ± 0.41,0.30 ± 0.14,19.57 ± 0.10,13.08,19.09,205.76,2.47,-1.599,15.92,-8.37,-6.41,43.71,-17.22,5.41,0.3,19.57,NGC 1904,M 79,9.935,0.9698037242073477,2884031.503126606,0.9372406300680918,mid_3_15kpc
NGC 6426,266.22796,3.17014,20.71 ± 0.35,14.45 ± 0.32,33,100,7.31 ± 2.44 · 104,11.13 ± 0.04,2.03 ± 0.68,2.62,5.2,7.88,88.69,2.0,1.25,9.4,5.41,14.3,0.24 − 0.78,-1.07 ± 0.14,2.8,10.3,-0.33,-0.11,,,20.71,14.45,73100.0,11.13,2.03,-1.07,,266.22796,3.170142,28.087,16.234,20.71 ± 0.35,14.45 ± 0.32,-210.51 ± 0.51,-1.821 ± 0.016,-2.998 ± 0.015,0.27,-9.36 ± 0.30,9.36 ± 0.16,5.79 ± 0.10,11.24 ± 0.91,-149.16 ± 1.37,-29.02 ± 1.48,3.67 ± 0.36,17.00 ± 0.52,20.71,14.45,-210.51,-1.821,-2.998,-9.36,9.36,5.79,11.24,-149.16,-29.02,3.67,17.0,NGC 6426,,10.335,0.644895984518626,257039.57827688646,0.715607999009181,mid_3_15kpc
NGC 1851,78.52816,-40.04655,11.95 ± 0.13,16.69 ± 0.11,8217,4973,2.83 ± 0.04 · 105,7.07 ± 0.04,1.48 ± 0.06,0.14,1.75,3.16,123.69,6.32,3.03,9.0,6.02,10.9,0.20 − 0.83,-0.70 ± 0.13,10.3,41.1,-0.41,-0.12,0.45 ± 0.42,71.2,11.95,16.69,283000.0,7.07,1.48,-0.7,0.45,78.52816,-40.046555,244.513,-35.036,11.95 ± 0.13,16.69 ± 0.11,321.40 ± 1.55,2.138 ± 0.008,-0.670 ± 0.008,-0.15,12.39 ± 0.05,-8.83 ± 0.10,-6.86 ± 0.08,81.45 ± 0.70,-68.15 ± 1.19,-83.31 ± 0.97,0.90 ± 0.03,19.90 ± 0.16,11.95,16.69,321.4,2.138,-0.67,12.39,-8.83,-6.86,81.45,-68.15,-83.31,0.9,19.9,NGC 1851,,10.399999999999999,0.9134615384615385,1047128.5480508985,0.7297370981559334,mid_3_15kpc
NGC 5272 M 3,205.54842,28.37728,10.18 ± 0.08,12.09 ± 0.06,727,4231,4.09 ± 0.07 · 105,6.39 ± 0.04,1.61 ± 0.07,0.98,3.4,5.47,129.25,3.78,2.48,9.5,5.93,76.1,0.17 − 0.77,-1.01 ± 0.12,8.2,32.0,-0.4,-0.1,1.75 ± 0.42,100.0,10.18,12.09,409000.0,6.39,1.61,-1.01,1.75,205.548416,28.377277,42.217,78.707,10.18 ± 0.08,12.09 ± 0.06,-147.20 ± 0.27,-0.153 ± 0.007,-2.679 ± 0.007,0.14,6.70 ± 0.01,1.34 ± 0.01,9.98 ± 0.08,-65.30 ± 0.32,127.78 ± 0.32,-134.17 ± 0.27,5.28 ± 0.02,15.80 ± 0.10,10.18,12.09,-147.2,-0.153,-2.679,6.7,1.34,9.98,-65.3,127.78,-134.17,5.28,15.8,NGC 5272,M 3,10.540000000000001,0.49905123339658436,851138.0382023759,0.5194669000297321,mid_3_15kpc
IC 1257,261.78543,-7.09306,26.59 ± 1.43,19.27 ± 1.36,5,0,1.8 · 104,13.81,1.80,0.99,4.13,5.53,59.77,2.42,1.1,8.82,5.66,1.0,—,0.12,1.7,6.7,-0.38,-0.13,,,26.59,19.27,18000.0,13.81,1.8,0.12,,261.785431,-7.093056,16.528,15.145,26.59 ± 1.43,19.27 ± 1.36,-137.97 ± 2.04,-1.029 ± 0.025,-1.490 ± 0.019,0.24,-16.43 ± 1.32,7.30 ± 0.39,6.95 ± 0.37,55.77 ± 2.11,-5.13 ± 2.57,-13.47 ± 2.87,1.03 ± 0.24,20.07 ± 1.37,26.59,19.27,-137.97,-1.029,-1.49,-16.43,7.3,6.95,55.77,-5.13,-13.47,1.03,20.07,IC 1257,,10.55,0.9023696682464454,457088.1896148752,0.9606202907689081,mid_3_15kpc
E 3,140.23779,-77.28189,7.88 ± 0.25,9.10 ± 0.13,15,50,2.56 ± 0.47 · 103,11.85 ± 0.03,1.13 ± 0.21,1.26,4.39,5.51,19.96,1.35,0.26,8.37,4.66,1.4,0.35 − 0.85,0.88 ± 0.24,0.6,2.4,-0.35,-0.12,,,7.88,9.1,2560.0,11.85,1.13,0.88,,140.237793,-77.281891,292.268,-19.017,7.88 ± 0.25,9.10 ± 0.13,11.70 ± 0.42,-2.734 ± 0.025,7.088 ± 0.025,0.02,5.36 ± 0.09,-6.89 ± 0.22,-2.57 ± 0.08,218.34 ± 0.89,111.39 ± 0.58,97.28 ± 0.89,9.01 ± 0.17,12.11 ± 0.87,7.88,9.1,11.7,-2.734,7.088,5.36,-6.89,-2.57,218.34,111.39,97.28,9.01,12.11,E 3,,10.559999999999999,0.14678030303030304,45708.818961487515,0.9439933024268915,mid_3_15kpc
NGC 6584,274.65665,-52.21578,13.61 ± 0.17,6.99 ± 0.15,28,839,1.15 ± 0.05 · 105,8.76 ± 0.03,1.51 ± 0.08,1.16,3.47,5.37,59.45,3.09,1.95,9.22,5.6,13.4,0.30 − 0.78,-0.80 ± 0.13,4.4,16.7,-0.37,-0.12,,,13.61,6.99,114999.99999999999,8.76,1.51,-0.8,,274.656647,-52.215778,342.143,-16.414,13.61 ± 0.17,6.99 ± 0.15,260.64 ± 1.58,-0.080 ± 0.008,-7.195 ± 0.008,-0.08,-4.25 ± 0.16,-4.00 ± 0.05,-3.85 ± 0.05,-69.58 ± 1.45,-216.63 ± 0.67,-238.12 ± 0.67,2.25 ± 0.22,19.79 ± 1.06,13.61,6.99,260.64,-0.08,-7.195,-4.25,-4.0,-3.85,-69.58,-216.63,-238.12,2.25,19.79,NGC 6584,,11.02,0.7958257713248639,398107.1705534969,0.7111330603763981,mid_3_15kpc
NGC 1261,48.06754,-55.21622,16.40 ± 0.19,18.28 ± 0.17,345,3179,1.72 ± 0.03 · 105,8.31 ± 0.04,1.54 ± 0.06,1.05,3.25,4.86,138.12,3.4,2.25,9.21,5.75,13.9,0.33 − 0.83,-0.61 ± 0.13,5.7,21.4,-0.34,-0.11,0.90 ± 0.64,86.9,16.4,18.28,172000.0,8.31,1.54,-0.61,0.9,48.067543,-55.216225,270.539,-52.124,16.40 ± 0.19,18.28 ± 0.17,71.34 ± 0.21,1.599 ± 0.009,-2.064 ± 0.009,0.06,8.08 ± 0.00,-10.07 ± 0.12,-12.95 ± 0.15,-78.82 ± 0.70,57.52 ± 0.57,68.81 ± 0.46,1.65 ± 0.06,21.08 ± 0.23,16.4,18.28,71.34,1.599,-2.064,8.08,-10.07,-12.95,-78.82,57.52,68.81,1.65,21.08,NGC 1261,,11.364999999999998,0.8548174219093709,562341.3251903491,0.6941359414733053,mid_3_15kpc
NGC 6981 M 72,313.36542,-12.53731,16.66 ± 0.18,12.53 ± 0.16,90,398,8.12 ± 1.28 · 104,9.32 ± 0.04,1.59 ± 0.26,2.1,4.14,5.79,53.99,2.38,1.7,9.13,5.89,2.8,0.40 − 0.81,-0.68 ± 0.13,3.5,12.4,-0.3,-0.13,,,16.66,12.53,81199.99999999999,9.32,1.59,-0.68,,313.365417,-12.537306,35.162,-32.683,16.66 ± 0.18,12.53 ± 0.16,-331.39 ± 1.47,-1.261 ± 0.007,-3.369 ± 0.005,0.08,-3.29 ± 0.13,8.08 ± 0.09,-9.00 ± 0.10,62.03 ± 1.07,-146.06 ± 0.80,170.23 ± 0.90,0.73 ± 0.03,22.08 ± 0.45,16.66,12.53,-331.39,-1.261,-3.369,-3.29,8.08,-9.0,62.03,-146.06,170.23,0.73,22.08,NGC 6981,M 72,11.405,0.9359929855326611,776247.1166286912,0.8953941364025175,mid_3_15kpc
NGC 5634,217.40533,-5.97643,25.96 ± 0.62,21.84 ± 0.57,50,84,2.47 ± 0.48 · 105,9.51 ± 0.07,2.37 ± 0.48,0.61,4.57,7.72,192.53,4.01,1.81,9.63,5.78,34.5,—,-0.93 ± 0.30,5.9,24.2,-0.39,-0.08,,,25.96,21.84,247000.00000000003,9.51,2.37,-0.93,,217.405335,-5.97643,342.21,49.26,25.96 ± 0.62,21.84 ± 0.57,-16.07 ± 0.60,-1.690 ± 0.009,-1.489 ± 0.008,-0.04,-7.95 ± 0.39,-5.18 ± 0.12,19.67 ± 0.47,59.05 ± 0.92,-14.26 ± 1.03,-26.56 ± 0.80,3.08 ± 0.25,22.18 ± 0.59,25.96,21.84,-16.07,-1.69,-1.489,-7.95,-5.18,19.67,59.05,-14.26,-26.56,3.08,22.18,NGC 5634,,12.629999999999999,0.756136183689628,602559.5860743581,0.5900820338629227,mid_3_15kpc
Pal 5,229.01917,-0.121,21.94 ± 0.51,17.27 ± 0.47,46,0,1.34 ± 0.24 · 104,11.86 ± 0.04,1.66 ± 0.30,15.35,20.42,27.63,49.73,-0.8,-1.12,9.9,4.78,7.7,0.29 − 0.81,-0.84 ± 0.19,0.7,2.1,-0.15,-0.06,,,21.94,17.27,13400.0,11.86,1.66,-0.84,,229.019167,-0.121,0.839,45.856,21.94 ± 0.51,17.27 ± 0.47,-58.61 ± 0.15,-2.754 ± 0.017,-2.643 ± 0.014,0.01,-7.10 ± 0.36,0.22 ± 0.01,15.74 ± 0.37,49.28 ± 1.16,-144.14 ± 1.59,-10.20 ± 1.13,8.88 ± 1.20,17.54 ± 0.61,21.94,17.27,-58.61,-2.754,-2.643,-7.1,0.22,15.74,49.28,-144.14,-10.2,8.88,17.54,Pal 5,,13.21,0.32778198334594993,60255.95860743581,0.777615354403367,mid_3_15kpc
NGC 5904 M 5,229.63841,2.08103,7.48 ± 0.06,6.27 ± 0.02,463,5285,3.92 ± 0.04 · 105,5.95 ± 0.03,1.81 ± 0.05,1.13,3.52,5.6,81.29,3.67,2.43,9.5,5.94,52.5,0.16 − 0.79,-0.76 ± 0.11,7.9,30.4,-0.37,-0.09,4.11 ± 0.42,100.0,7.48,6.27,392000.0,5.95,1.81,-0.76,4.11,229.638412,2.081028,3.859,46.796,7.48 ± 0.06,6.27 ± 0.02,53.50 ± 0.25,4.073 ± 0.006,-9.872 ± 0.006,-0.37,3.07 ± 0.04,0.34 ± 0.00,5.45 ± 0.04,-301.43 ± 0.23,89.62 ± 0.22,-181.13 ± 0.23,3.25 ± 0.03,23.44 ± 0.53,7.48,6.27,53.5,4.073,-9.872,3.07,0.34,5.45,-301.43,89.62,-181.13,3.25,23.44,NGC 5904,M 5,13.345,0.756463094792057,870963.5899560815,0.5499237803732224,mid_3_15kpc
NGC 4147,182.52626,18.54264,18.54 ± 0.21,20.74 ± 0.19,41,0,4.51 ± 1.09 · 104,10.29 ± 0.04,1.89 ± 0.46,0.43,2.53,3.47,93.73,3.89,2.12,8.61,5.47,4.8,0.20 − 0.77,-0.05 ± 0.13,3.6,14.2,-0.4,-0.11,,,18.54,20.74,45100.0,10.29,1.89,-0.05,,182.52626,18.542639,252.848,77.189,18.54 ± 0.21,20.74 ± 0.19,179.35 ± 0.31,-1.690 ± 0.014,-2.092 ± 0.013,-0.32,9.39 ± 0.01,-3.93 ± 0.05,18.07 ± 0.21,40.11 ± 1.18,-12.89 ± 1.16,130.14 ± 0.40,1.83 ± 0.09,25.27 ± 0.27,18.54,20.74,179.35,-1.69,-2.092,9.39,-3.93,18.07,40.11,-12.89,130.14,1.83,25.27,NGC 4147,,13.55,0.8649446494464943,295120.9226666384,0.8471812855812195,mid_3_15kpc
NGC 5053,199.11288,17.70025,17.54 ± 0.23,18.01 ± 0.20,55,48,6.28 ± 1.43 · 104,9.92 ± 0.04,2.16 ± 0.50,9.2,12.4,17.0,91.64,0.52,0.18,9.89,5.21,31.1,0.23 − 0.78,-1.09 ± 0.14,1.8,6.0,-0.12,-0.07,0.36 ± 0.90,15.5,17.54,18.01,62800.0,9.92,2.16,-1.09,0.36,199.112885,17.700251,335.699,78.946,17.54 ± 0.23,18.01 ± 0.20,42.82 ± 0.25,-0.338 ± 0.007,-1.214 ± 0.007,-0.34,5.11 ± 0.04,-1.38 ± 0.02,17.21 ± 0.23,-52.79 ± 0.58,150.82 ± 0.58,35.30 ± 0.27,10.79 ± 0.05,17.84 ± 0.20,17.54,18.01,42.82,-0.338,-1.214,5.11,-1.38,17.21,-52.79,150.82,35.3,10.79,17.84,NGC 5053,,14.315,0.24624519734544187,162181.009735893,0.6127783388309892,mid_3_15kpc
NGC 7492,347.11117,-15.61147,24.39 ± 0.57,23.57 ± 0.53,25,0,1.97 ± 0.34 · 104,11.14 ± 0.03,1.02 ± 0.18,4.24,7.62,10.59,85.69,0.88,0.3,9.31,5.19,3.8,0.60 − 0.79,-0.69 ± 0.42,1.3,4.4,-0.28,-0.11,,,24.39,23.57,19700.0,11.14,1.02,-0.69,,347.11117,-15.611469,53.386,-63.478,24.39 ± 0.57,23.57 ± 0.52,-176.70 ± 0.27,0.777 ± 0.011,-2.321 ± 0.011,0.21,1.68 ± 0.15,8.74 ± 0.21,-21.82 ± 0.51,-1.29 ± 1.26,-75.12 ± 1.16,70.68 ± 0.62,2.81 ± 0.38,26.03 ± 0.64,24.39,23.57,-176.7,0.777,-2.321,1.68,8.74,-21.82,-1.29,-75.12,70.68,2.81,26.03,NGC 7492,,14.42,0.8051317614424411,154881.66189124828,0.872806116880173,mid_3_15kpc
NGC 6229,251.74525,47.5278,30.11 ± 0.47,29.45 ± 0.44,20,0,2.47 ± 0.81 · 105,9.33 ± 0.05,1.67 ± 0.55,1.11,3.12,4.8,191.54,3.56,2.44,9.27,5.91,16.2,0.65 − 0.79,-1.47 ± 0.48,6.7,25.3,-0.34,-0.11,,,30.11,29.45,247000.00000000003,9.33,1.67,-1.47,,251.745249,47.527796,73.639,40.306,30.11 ± 0.47,29.45 ± 0.44,-137.89 ± 0.71,-1.156 ± 0.017,-0.461 ± 0.018,0.17,1.71 ± 0.10,22.03 ± 0.34,19.47 ± 0.30,-7.59 ± 2.53,30.75 ± 1.77,45.79 ± 1.93,1.43 ± 0.20,30.36 ± 0.40,30.11,29.45,-137.89,-1.156,-0.461,1.71,22.03,19.47,-7.59,30.75,45.79,1.43,30.36,NGC 6229,,15.895,0.9100346020761246,812830.5161640996,0.6961236136093418,outer_>15kpc
NGC 5024 M 53,198.23021,18.16817,18.50 ± 0.18,19.00 ± 0.16,338,4130,5.02 ± 0.08 · 105,7.70 ± 0.04,1.95 ± 0.08,1.87,6.46,10.03,183.04,3.1,1.77,9.93,6.0,150.0,0.26 − 0.78,-1.20 ± 0.11,6.8,25.9,-0.33,-0.04,1.17 ± 0.62,99.5,18.5,19.0,501999.99999999994,7.7,1.95,-1.2,1.17,198.230209,18.168165,332.963,79.764,18.50 ± 0.18,19.00 ± 0.16,-63.37 ± 0.25,-0.131 ± 0.005,-1.332 ± 0.005,-0.34,5.25 ± 0.03,-1.49 ± 0.01,18.20 ± 0.18,-57.27 ± 0.41,155.76 ± 0.41,-72.49 ± 0.26,9.28 ± 0.03,22.64 ± 0.17,18.5,19.0,-63.37,-0.131,-1.332,5.25,-1.49,18.2,-57.27,155.76,-72.49,9.28,22.64,NGC 5024,M 53,15.96,0.418546365914787,1000000.0,0.4980000000000001,outer_>15kpc
Pal 1,53.3335,79.58105,11.18 ± 0.32,17.41 ± 0.29,7,0,9.26 ± 1.83 · 102,13.95 ± 0.03,2.15 ± 0.43,0.46,2.01,3.43,22.84,2.03,0.44,7.82,4.09,1.2,0.20 − 1.00,-0.51 ± 0.17,0.5,1.9,-0.23,-0.08,,,11.18,17.41,926.0,13.95,2.15,-0.51,,53.3335,79.581055,130.065,19.028,11.18 ± 0.32,17.41 ± 0.29,-75.72 ± 0.29,-0.257 ± 0.026,0.019 ± 0.029,0.17,14.98 ± 0.20,8.09 ± 0.23,3.64 ± 0.11,-64.32 ± 1.20,206.67 ± 0.99,-24.56 ± 1.41,14.77 ± 0.29,18.98 ± 0.45,11.18,17.41,-75.72,-0.257,0.019,14.98,8.09,3.64,-64.32,206.67,-24.56,14.77,18.98,Pal 1,,16.875,0.12474074074074076,12302.68770812381,0.9247318942032043,outer_>15kpc
NGC 3201,154.40343,-46.41248,4.74 ± 0.04,8.93 ± 0.02,4246,4704,1.93 ± 0.03 · 105,6.77 ± 0.04,2.59 ± 0.10,1.66,5.17,8.68,82.34,2.82,1.55,9.66,5.61,69.4,0.24 − 0.80,-1.02 ± 0.16,4.5,17.3,-0.35,-0.06,0.80 ± 0.41,98.8,4.74,8.93,193000.0,6.77,2.59,-1.02,0.8,154.403427,-46.412476,277.229,8.64,4.74 ± 0.04,8.93 ± 0.02,495.39 ± 0.06,8.350 ± 0.005,-1.976 ± 0.005,0.18,7.59 ± 0.01,-4.65 ± 0.04,0.71 ± 0.01,-249.99 ± 0.11,-199.09 ± 0.21,148.84 ± 0.11,8.34 ± 0.02,25.52 ± 0.37,4.74,8.93,495.39,8.35,-1.976,7.59,-4.65,0.71,-249.99,-199.09,148.84,8.34,25.52,NGC 3201,,16.93,0.5073833431777909,407380.27780411305,0.5262411792727895,outer_>15kpc
IC 4499,225.07719,-82.21379,18.89 ± 0.25,15.75 ± 0.22,68,134,1.50 ± 0.25 · 105,9.84 ± 0.05,2.21 ± 0.38,5.02,10.26,14.96,110.32,1.47,0.75,9.97,5.53,48.9,0.28 − 0.81,-1.22 ± 0.15,2.9,10.5,-0.24,-0.04,,,18.89,15.75,150000.0,9.84,2.21,-1.22,,225.077188,-82.213792,307.354,-20.473,18.89 ± 0.25,15.75 ± 0.22,38.41 ± 0.31,0.457 ± 0.007,-0.492 ± 0.007,-0.05,-2.56 ± 0.14,-14.07 ± 0.19,-6.61 ± 0.09,-30.75 ± 0.55,247.81 ± 0.48,-61.21 ± 0.62,6.68 ± 0.19,28.58 ± 0.53,18.89,15.75,38.41,0.457,-0.492,-2.56,-14.07,-6.61,-30.75,247.81,-61.21,6.68,28.58,IC 4499,,17.63,0.6211003970504821,338844.15613920277,0.5573186160000425,outer_>15kpc
NGC 4590 M 68,189.86658,-26.74406,10.40 ± 0.10,10.35 ± 0.07,262,861,1.28 ± 0.06 · 105,7.99 ± 0.04,1.89 ± 0.11,1.86,4.44,7.27,78.28,2.59,1.6,9.48,5.46,55.1,0.18 − 0.77,-1.17 ± 0.14,4.0,14.8,-0.33,-0.11,0.27 ± 0.51,17.2,10.4,10.35,128000.0,7.99,1.89,-1.17,0.27,189.866577,-26.744057,299.626,36.051,10.40 ± 0.10,10.35 ± 0.07,-93.11 ± 0.18,-2.732 ± 0.005,1.764 ± 0.005,-0.15,4.02 ± 0.04,-7.31 ± 0.07,6.12 ± 0.06,170.43 ± 0.24,289.18 ± 0.21,16.43 ± 0.21,8.88 ± 0.06,29.37 ± 0.41,10.4,10.35,-93.11,-2.732,1.764,4.02,-7.31,6.12,170.43,289.18,16.43,8.88,29.37,NGC 4590,M 68,19.125,0.535686274509804,288403.15031266055,0.5561768314207595,outer_>15kpc
Rup 106,189.6675,-51.15028,20.71 ± 0.36,18.04 ± 0.32,31,64,3.40 ± 0.58 · 104,11.05 ± 0.03,1.38 ± 0.24,5.03,7.62,11.14,73.48,0.95,0.47,9.48,5.1,10.9,0.22 − 0.81,-0.81 ± 0.14,1.6,5.6,-0.22,-0.09,,,20.71,18.04,34000.0,11.05,1.38,-0.81,,189.6675,-51.150278,300.888,11.671,20.71 ± 0.36,18.04 ± 0.32,-38.36 ± 0.26,-1.253 ± 0.008,0.401 ± 0.008,0.45,-2.23 ± 0.18,-17.41 ± 0.30,4.19 ± 0.07,118.81 ± 0.71,226.10 ± 0.49,31.88 ± 0.73,4.63 ± 0.13,34.70 ± 0.76,20.71,18.04,-38.36,-1.253,0.401,-2.23,-17.41,4.19,118.81,226.1,31.88,4.63,34.7,Rup 106,,19.665000000000003,0.7645563183320621,125892.54117941661,0.729928400193744,outer_>15kpc
Pal 2,71.52462,31.3815,26.17 ± 1.28,34.19 ± 1.25,16,490,2.20 ± 0.39 · 105,12.64 ± 0.06,1.26 ± 0.23,1.68,4.82,7.64,121.33,2.92,1.77,9.61,6.26,6.6,0.55 − 0.80,-1.90 ± 0.23,5.0,19.2,-0.37,-0.08,,,26.17,34.19,220000.00000000003,12.64,1.26,-1.9,,71.52462,31.3815,170.53,-9.072,26.17 ± 1.28,34.19 ± 1.25,-135.97 ± 1.55,1.229 ± 0.054,-1.533 ± 0.043,0.13,33.67 ± 1.25,4.25 ± 0.21,-4.13 ± 0.20,-104.05 ± 2.14,-10.43 ± 5.83,24.77 ± 6.10,0.70 ± 0.42,38.81 ± 1.46,26.17,34.19,-135.97,1.229,-1.533,33.67,4.25,-4.13,-104.05,-10.43,24.77,0.7,38.81,Pal 2,,19.755000000000003,0.9645659326752719,1819700.8586099825,0.8791010077513225,outer_>15kpc
NGC 6934,308.54739,7.40447,15.72 ± 0.17,12.83 ± 0.14,78,1936,1.50 ± 0.04 · 105,8.74 ± 0.03,1.67 ± 0.06,0.71,2.96,4.71,89.19,3.73,2.23,9.17,5.6,28.8,0.38 − 0.79,-1.14 ± 0.15,5.5,21.4,-0.37,-0.12,,,15.72,12.83,150000.0,8.74,1.67,-1.14,,308.547394,7.404472,52.103,-18.893,15.72 ± 0.17,12.83 ± 0.14,-406.22 ± 0.73,-2.658 ± 0.008,-4.691 ± 0.007,0.12,-0.96 ± 0.10,11.73 ± 0.13,-5.09 ± 0.06,-88.22 ± 0.62,-302.01 ± 0.65,122.23 ± 0.58,3.69 ± 2.50,42.10 ± 1.68,15.72,12.83,-406.22,-2.658,-4.691,-0.96,11.73,-5.09,-88.22,-302.01,122.23,3.69,42.1,NGC 6934,,22.895,0.8388294387420835,398107.1705534969,0.6232170352735626,outer_>15kpc
NGC 6101,246.45049,-72.20219,14.45 ± 0.19,10.36 ± 0.15,71,76,1.74 ± 0.31 · 105,8.68 ± 0.03,2.50 ± 0.45,5.52,9.59,13.87,88.95,1.49,0.89,9.96,5.56,81.2,0.24 − 0.79,-0.90 ± 0.14,3.3,11.5,-0.24,-0.06,,,14.45,10.36,174000.0,8.68,2.5,-0.9,,246.450485,-72.202194,317.746,-15.825,14.45 ± 0.19,10.36 ± 0.15,366.33 ± 0.32,1.760 ± 0.012,-0.252 ± 0.012,0.07,-2.11 ± 0.13,-9.35 ± 0.12,-3.94 ± 0.05,-297.01 ± 0.63,83.88 ± 0.67,-190.08 ± 0.81,10.19 ± 0.13,35.74 ± 1.11,14.45,10.36,366.33,1.76,-0.252,-2.11,-9.35,-3.94,-297.01,83.88,-190.08,10.19,35.74,NGC 6101,,22.965,0.5562812976268235,363078.05477010104,0.5207642056191586,outer_>15kpc
NGC 5824,225.99416,-33.06814,31.71 ± 0.60,25.42 ± 0.57,140,146,7.46 ± 0.41 · 105,8.86 ± 0.07,1.99 ± 0.17,0.61,4.51,6.31,254.86,4.65,2.55,9.61,6.15,307.9,0.67 − 0.77,-1.30 ± 0.41,11.3,44.8,-0.41,-0.03,6.47 ± 2.28,99.7,31.71,25.42,746000.0,8.86,1.99,-1.3,6.47,225.994156,-33.068138,332.555,22.071,31.71 ± 0.60,25.42 ± 0.57,-25.24 ± 0.52,-1.193 ± 0.010,-2.228 ± 0.009,-0.2,-17.90 ± 0.49,-13.55 ± 0.26,11.92 ± 0.23,97.40 ± 0.96,-61.59 ± 1.35,-179.17 ± 1.35,13.94 ± 1.19,34.99 ± 1.61,31.71,25.42,-25.24,-1.193,-2.228,-17.9,-13.55,11.92,97.4,-61.59,-179.17,13.94,34.99,NGC 5824,,24.465,0.43020641733088094,1412537.5446227554,0.47187244484943347,outer_>15kpc
Pal 15,254.9626,-0.539,44.10 ± 1.14,37.28 ± 1.10,5,0,5.25 ± 1.04 · 104,13.69 ± 0.05,3.62 ± 0.73,14.85,20.01,27.01,104.51,-0.17,-0.5,10.16,5.62,4.6,0.47 − 0.78,-1.41 ± 0.16,1.3,4.3,-0.14,-0.04,,,44.1,37.28,52500.0,13.69,3.62,-1.41,,254.9626,-0.539,18.849,24.337,44.10 ± 1.14,37.28 ± 1.10,72.27 ± 1.74,-0.601 ± 0.035,-0.855 ± 0.029,-0.06,-29.85 ± 0.98,12.98 ± 0.33,18.17 ± 0.47,-136.67 ± 3.47,65.03 ± 6.22,53.59 ± 6.41,1.52 ± 0.53,49.66 ± 1.48,44.1,37.28,72.27,-0.601,-0.855,-29.85,12.98,18.17,-136.67,65.03,53.59,1.52,49.66,Pal 15,,25.59,0.9406017975771784,416869.3834703355,0.8740612717514767,outer_>15kpc
NGC 7006,315.37263,16.18732,39.32 ± 0.56,36.67 ± 0.53,41,0,1.32 ± 0.35 · 105,10.69 ± 0.04,1.54 ± 0.41,1.7,4.31,6.59,168.56,2.72,1.74,9.4,5.62,16.8,0.36 − 0.79,-1.26 ± 0.14,4.2,15.7,-0.35,-0.11,,,39.32,36.67,132000.0,10.69,1.54,-1.26,,315.372626,16.187323,63.77,-19.407,39.32 ± 0.56,36.67 ± 0.53,-383.47 ± 0.73,-0.115 ± 0.010,-0.619 ± 0.009,0.03,-8.21 ± 0.23,33.27 ± 0.47,-13.06 ± 0.19,62.61 ± 1.61,-134.21 ± 1.07,84.85 ± 1.69,2.33 ± 0.18,50.56 ± 0.78,39.32,36.67,-383.47,-0.115,-0.619,-8.21,33.27,-13.06,62.61,-134.21,84.85,2.33,50.56,NGC 7006,,26.445,0.9118926072981661,416869.3834703355,0.6833540546894273,outer_>15kpc
NGC 5466,211.36371,28.53444,16.12 ± 0.16,16.48 ± 0.14,68,722,5.61 ± 0.76 · 104,9.32 ± 0.03,1.35 ± 0.19,6.15,9.55,13.75,76.7,0.9,0.41,9.75,5.2,22.6,0.21 − 0.78,-0.86 ± 0.12,1.9,6.5,-0.21,-0.1,0.84 ± 0.65,81.3,16.12,16.48,56100.0,9.32,1.35,-0.86,0.84,211.363709,28.534445,42.15,73.592,16.12 ± 0.16,16.48 ± 0.14,106.82 ± 0.20,-5.336 ± 0.005,-0.809 ± 0.004,0.17,4.80 ± 0.03,3.06 ± 0.03,15.46 ± 0.16,217.90 ± 0.34,-33.47 ± 0.34,225.06 ± 0.22,6.16 ± 0.26,47.79 ± 1.51,16.12,16.48,106.82,-5.336,-0.809,4.8,3.06,15.46,217.9,-33.47,225.06,6.16,47.79,NGC 5466,,26.975,0.771640407784986,158489.3192461114,0.6460329297466116,outer_>15kpc
NGC 6715 M 54,283.76385,-30.47986,26.28 ± 0.33,18.51 ± 0.31,1600,2720,1.59 ± 0.03 · 106,7.57 ± 0.06,1.87 ± 0.11,0.55,3.58,5.78,279.15,5.17,2.99,9.76,6.47,613.5,0.52 − 0.80,-1.42 ± 0.19,17.2,68.9,-0.35,-0.04,0.57 ± 1.11,18.5,26.28,18.51,1590000.0,7.57,1.87,-1.42,0.57,283.763855,-30.479862,5.607,-14.087,26.28 ± 0.33,18.51 ± 0.31,143.13 ± 0.43,-2.682 ± 0.007,-1.374 ± 0.007,0.25,-17.19 ± 0.32,2.49 ± 0.03,-6.40 ± 0.08,-235.36 ± 0.47,-17.11 ± 0.84,203.74 ± 0.84,14.77 ± 0.33,46.92 ± 1.89,26.28,18.51,143.13,-2.682,-1.374,-17.19,2.49,-6.4,-235.36,-17.11,203.74,14.77,46.92,NGC 6715,M 54,30.845,0.5211541578862053,2951209.226666384,0.46123779173866764,outer_>15kpc
Ter 7,289.43298,-34.65772,24.28 ± 0.49,16.85 ± 0.47,45,0,2.23 ± 0.38 · 104,11.85 ± 0.04,2.00 ± 0.35,3.96,6.34,12.18,62.04,0.94,0.17,9.51,4.72,25.5,0.35 − 1.04,-1.62 ± 0.14,1.3,4.6,-0.29,-0.12,,,24.28,16.85,22300.0,11.85,2.0,-1.62,,289.432983,-34.657722,3.387,-20.067,24.28 ± 0.49,16.85 ± 0.47,159.45 ± 0.14,-2.990 ± 0.013,-1.659 ± 0.012,0.24,-14.59 ± 0.46,1.35 ± 0.03,-8.33 ± 0.17,-266.95 ± 0.55,-29.06 ± 1.42,196.22 ± 1.44,14.57 ± 0.48,50.41 ± 3.74,24.28,16.85,159.45,-2.99,-1.659,-14.59,1.35,-8.33,-266.95,-29.06,196.22,14.57,50.41,Ter 7,,32.489999999999995,0.5515543244075101,52480.74602497723,0.5750822598941956,outer_>15kpc
Pal 13,346.68519,12.77154,23.48 ± 0.40,24.57 ± 0.36,20,0,2.78 ± 0.52 · 103,13.89 ± 0.05,1.79 ± 0.34,0.33,11.72,15.67,37.65,3.3,-1.06,9.22,4.62,1.9,0.24 − 0.78,0.29 ± 0.22,0.5,1.8,-0.33,-0.05,,,23.48,24.57,2780.0,13.89,1.79,0.29,,346.68519,12.771539,87.103,-42.7,23.48 ± 0.40,24.57 ± 0.37,25.30 ± 0.22,1.740 ± 0.039,0.116 ± 0.032,0.11,7.31 ± 0.01,17.23 ± 0.29,-15.92 ± 0.27,161.51 ± 4.18,216.80 ± 2.57,-77.87 ± 2.82,6.91 ± 0.34,58.24 ± 1.76,23.48,24.57,25.3,1.74,0.116,7.31,17.23,-15.92,161.51,216.8,-77.87,6.91,58.24,Pal 13,,32.575,0.787874136607828,41686.93834703355,0.9333124448512582,outer_>15kpc
Pal 12,326.6618,-21.25261,18.49 ± 0.30,15.28 ± 0.26,24,0,6.19 ± 1.19 · 103,11.99 ± 0.04,1.25 ± 0.24,3.17,7.06,10.54,63.95,0.64,-0.2,9.13,4.35,9.5,0.37 − 0.84,-0.61 ± 0.15,0.7,2.5,-0.22,-0.11,,,18.49,15.28,6190.0,11.99,1.25,-0.61,,326.661804,-21.252611,30.51,-47.682,18.49 ± 0.30,15.28 ± 0.26,27.91 ± 0.28,-3.225 ± 0.013,-3.320 ± 0.012,0.46,-2.55 ± 0.17,6.32 ± 0.10,-13.67 ± 0.22,-327.57 ± 0.92,18.08 ± 0.96,109.51 ± 0.77,15.30 ± 0.27,51.25 ± 3.55,18.49,15.28,27.91,-3.225,-3.32,-2.55,6.32,-13.67,-327.57,18.08,109.51,15.3,51.25,Pal 12,,33.275,0.5401953418482345,22387.21138568338,0.7235028564585536,outer_>15kpc
Arp 2,292.18381,-30.35564,28.73 ± 0.34,21.39 ± 0.33,49,0,3.87 ± 0.64 · 104,11.65 ± 0.04,1.89 ± 0.32,8.33,14.21,19.34,87.04,0.36,-0.19,9.85,4.96,44.2,0.41 − 0.80,-0.75 ± 0.14,1.3,4.5,-0.22,-0.06,4.06 ± 4.15,67.6,28.73,21.39,38700.0,11.65,1.89,-0.75,4.06,292.183807,-30.355639,8.545,-20.785,28.73 ± 0.34,21.39 ± 0.33,122.64 ± 0.29,-2.317 ± 0.012,-1.487 ± 0.010,0.21,-18.38 ± 0.32,3.99 ± 0.05,-10.19 ± 0.12,-248.46 ± 0.69,-13.89 ± 1.42,175.88 ± 1.53,17.77 ± 0.38,51.38 ± 2.06,28.73,21.39,122.64,-2.317,-1.487,-18.38,3.99,-10.19,-248.46,-13.89,175.88,17.77,51.38,Arp 2,,34.575,0.4860448300795372,91201.08393559097,0.5756629380925874,outer_>15kpc
AM 4,209.08907,-27.16517,29.01 ± 0.94,24.58 ± 0.87,14,0,7.46 ± 1.49 · 102,16.49 ± 0.05,3.59 ± 0.74,2.12,6.46,11.29,28.85,0.06,-1.21,8.78,4.02,2.1,0.39 − 0.88,-2.79 ± 0.41,0.2,0.9,-0.23,-0.07,,,29.01,24.58,746.0,16.49,3.59,-2.79,,209.089066,-27.165171,320.283,33.51,29.01 ± 0.94,24.58 ± 0.87,151.19 ± 2.85,-0.538 ± 0.306,-2.485 ± 0.349,-0.46,-10.43 ± 0.60,-15.46 ± 0.50,16.02 ± 0.52,-126.95 ± 32.78,-68.39 ± 38.19,-162.90 ± 39.49,21.12 ± 5.02,52.50 ± 97.64,29.01,24.58,151.19,-0.538,-2.485,-10.43,-15.46,16.02,-126.95,-68.39,-162.9,21.12,52.5,AM 4,,36.81,0.42624286878565604,10471.285480508985,0.9287575530828008,outer_>15kpc
NGC 5694,219.90125,-26.53878,34.84 ± 0.74,29.16 ± 0.70,136,0,2.69 ± 0.25 · 105,9.86 ± 0.12,1.79 ± 0.26,0.02,3.08,4.35,228.62,7.3,2.6,9.13,5.74,303.2,0.62 − 0.78,-0.88 ± 0.33,9.3,33.6,-0.36,-0.06,5.62 ± 6.40,62.3,34.84,29.16,269000.0,9.86,1.79,-0.88,5.62,219.901245,-26.538776,331.056,30.36,34.84 ± 0.74,29.16 ± 0.70,-139.55 ± 0.49,-0.476 ± 0.012,-1.102 ± 0.011,-0.36,-18.13 ± 0.56,-14.55 ± 0.31,17.61 ± 0.37,114.37 ± 1.32,144.79 ± 1.72,-170.18 ± 1.60,29.14 ± 0.71,59.26 ± 1.47,34.84,29.16,-139.55,-0.476,-1.102,-18.13,-14.55,17.61,114.37,144.79,-170.18,29.14,59.26,NGC 5694,,44.2,0.34072398190045244,549540.8738576248,0.5105004690339148,outer_>15kpc
Whiting 1,30.7375,-3.25278,30.59 ± 1.17,35.15 ± 1.11,3,0,1.37 ± 0.27 · 103,14.62 ± 0.08,0.34 ± 0.07,1.88,9.42,16.53,43.92,0.32,-1.44,9.22,3.68,6.5,0.67 − 0.99,-1.16 ± 0.60,0.3,1.1,-0.16,-0.03,,,30.59,35.15,1370.0,14.62,0.34,-1.16,,30.737499,-3.252778,161.618,-60.636,30.59 ± 1.17,35.15 ± 1.11,-130.41 ± 1.79,-0.244 ± 0.051,-2.019 ± 0.042,0.06,22.41 ± 0.54,4.73 ± 0.18,-26.66 ± 1.02,-246.96 ± 6.29,32.88 ± 6.60,-7.97 ± 3.57,35.15 ± 1.12,61.94 ± 4.86,30.59,35.15,-130.41,-0.244,-2.019,22.41,4.73,-26.66,-246.96,32.88,-7.97,35.15,61.94,Whiting 1,,48.545,0.2759295499021526,4786.300923226385,0.7137664300729967,outer_>15kpc
NGC 2419,114.53529,38.88194,88.47 ± 2.40,95.93 ± 2.33,183,0,7.83 ± 1.17 · 105,10.56 ± 0.03,1.61 ± 0.24,8.32,19.76,26.37,734.97,1.55,0.71,10.63,6.16,1559.0,0.47 − 0.78,-1.57 ± 0.21,5.1,18.2,-0.16,0.0,,,88.47,95.93,783000.0,10.56,1.61,-1.57,,114.535286,38.881944,180.37,25.241,88.47 ± 2.40,95.93 ± 2.33,-21.10 ± 0.31,0.002 ± 0.012,-0.540 ± 0.008,0.14,88.20 ± 2.17,-0.52 ± 0.01,37.73 ± 1.03,-6.07 ± 2.17,33.70 ± 3.47,-55.89 ± 4.56,13.27 ± 1.49,96.98 ± 2.62,88.47,95.93,-21.1,0.002,-0.54,88.2,-0.52,37.73,-6.07,33.7,-55.89,13.27,96.98,NGC 2419,,55.125,0.7592743764172336,1445439.770745928,0.45829634977047284,outer_>15kpc
Ter 8,295.43503,-33.99947,27.54 ± 0.42,20.43 ± 0.40,73,0,7.59 ± 1.64 · 104,11.05 ± 0.03,2.19 ± 0.48,10.04,15.17,21.24,108.21,0.44,-0.02,10.1,5.21,77.8,0.28 − 0.77,-1.14 ± 0.15,1.8,6.0,-0.21,-0.05,0.79 ± 1.51,37.5,27.54,20.43,75900.0,11.05,2.19,-1.14,0.79,295.435028,-33.999474,5.759,-24.559,27.54 ± 0.42,20.43 ± 0.40,148.53 ± 0.17,-2.499 ± 0.009,-1.580 ± 0.006,-0.44,-16.74 ± 0.38,2.51 ± 0.04,-11.44 ± 0.17,-278.55 ± 0.53,-15.93 ± 0.83,173.31 ± 1.07,17.66 ± 0.48,95.16 ± 119.42,27.54,20.43,148.53,-2.499,-1.58,-16.74,2.51,-11.44,-278.55,-15.93,173.31,17.66,95.16,Ter 8,,56.41,0.6869349406133665,162181.009735893,0.532004393587135,outer_>15kpc
Eridanus,66.18561,-21.18678,84.68 ± 2.89,89.76 ± 2.78,14,0,9.29 ± 1.86 · 103,15.02 ± 0.03,0.74 ± 0.15,9.23,13.64,18.83,157.3,-0.37,-0.78,9.57,4.3,63.8,0.59 − 0.81,-1.06 ± 0.33,0.7,2.2,-0.21,-0.09,,,84.68,89.76,9290.0,15.02,0.74,-1.06,,66.185608,-21.186781,218.106,-41.332,84.68 ± 2.89,89.76 ± 2.78,-22.91 ± 0.72,0.477 ± 0.029,-0.295 ± 0.035,-0.23,58.21 ± 1.71,-39.24 ± 1.34,-55.93 ± 1.91,-55.48 ± 11.10,68.30 ± 11.41,131.30 ± 8.85,11.79 ± 3.13,119.38 ± 3.92,84.68,89.76,-22.91,0.477,-0.295,58.21,-39.24,-55.93,-55.48,68.3,131.3,11.79,119.38,Eridanus,,65.585,0.8202332850499353,19952.62314968879,0.5343970599602639,outer_>15kpc
AM 1,58.75959,-49.61528,118.91 ± 3.40,120.27 ± 3.28,2,0,1.96 ± 0.39 · 104,15.07 ± 0.05,0.83 ± 0.17,6.92,14.79,20.32,262.61,0.18,-0.55,9.75,4.59,133.3,0.65 − 0.82,-1.07 ± 0.34,0.9,3.3,-0.25,-0.05,,,118.91,120.27,19600.0,15.07,0.83,-1.07,,58.759586,-49.615276,258.361,-48.471,118.91 ± 3.40,120.27 ± 3.28,118.00 ± 14.14,0.384 ± 0.066,-0.196 ± 0.082,-0.21,24.08 ± 0.45,-77.21 ± 2.20,-89.01 ± 2.54,-7.19 ± 44.37,-8.91 ± 31.66,76.86 ± 27.49,24.32 ± 15.37,127.61 ± 26.77,118.91,120.27,118.0,0.384,-0.196,24.08,-77.21,-89.01,-7.19,-8.91,76.86,24.32,127.61,AM 1,,75.965,0.6798525636806423,38904.51449942805,0.4962024265773025,outer_>15kpc
Pal 3,151.38162,0.07167,94.84 ± 3.23,98.17 ± 3.13,22,0,1.85 ± 0.34 · 104,14.56 ± 0.03,1.45 ± 0.27,15.23,20.16,27.6,229.68,-0.64,-0.97,9.97,4.57,107.6,0.58 − 0.84,-1.14 ± 0.25,0.8,2.4,-0.11,-0.04,,,94.84,98.17,18500.0,14.56,1.45,-1.14,,151.381622,0.071667,240.14,41.864,94.84 ± 3.23,98.17 ± 3.13,94.04 ± 0.80,0.071 ± 0.047,-0.182 ± 0.057,-0.49,43.34 ± 1.20,-61.26 ± 2.09,63.29 ± 2.16,-41.10 ± 20.58,135.12 ± 19.31,51.48 ± 16.91,44.63 ± 8.90,112.67 ± 39.17,94.84,98.17,94.04,0.071,-0.182,43.34,-61.26,63.29,-41.1,135.12,51.48,44.63,112.67,Pal 3,,78.65,0.4325492689129052,37153.52290971728,0.5020660612735209,outer_>15kpc
Crater,174.06875,-10.87697,147.23 ± 4.27,147.00 ± 4.12,33,0,1.21 ± 0.24 · 104,15.74 ± 0.11,1.29 ± 0.29,13.66,19.56,27.62,245.78,-0.75,-1.15,9.93,4.37,131.6,0.65 − 0.94,-1.52 ± 0.23,0.6,2.0,-0.11,-0.03,,,147.23,147.0,12100.0,15.74,1.29,-1.52,,174.06875,-10.876972,274.809,47.848,147.23 ± 4.27,147.00 ± 4.12,148.10 ± 0.65,-0.013 ± 0.112,-0.132 ± 0.095,-0.27,-0.11 ± 0.24,-98.46 ± 2.86,109.15 ± 3.17,-56.16 ± 75.54,91.39 ± 52.12,58.51 ± 46.24,82.65 ± 46.65,244.73 ± 157.27,147.23,147.0,148.1,-0.013,-0.132,-0.11,-98.46,109.15,-56.16,91.39,58.51,82.65,244.73,Crater,,163.69,0.49508216751176,23442.288153199228,0.48383878225007304,outer_>15kpc
Sagittarius II,298.16471,-22.06525,66.53 ± 1.56,59.54 ± 1.52,23,0,3.05 ± 0.55 · 104,14.04 ± 0.12,2.43 ± 0.52,20.55,29.04,39.44,384.15,-0.85,-1.23,10.33,4.78,135.1,0.45 − 0.80,-1.52 ± 0.17,0.8,2.7,-0.13,-0.03,,,66.53,59.54,30500.0,14.04,2.43,-1.52,,298.164708,-22.065251,18.937,-22.893,66.53 ± 1.56,59.54 ± 1.51,-175.73 ± 0.37,-0.807 ± 0.045,-0.897 ± 0.028,-0.03,-49.79 ± 1.36,19.89 ± 0.47,-25.88 ± 0.61,-22.93 ± 6.70,-119.98 ± 8.75,199.42 ± 12.51,59.67 ± 1.55,325.66 ± 204.89,66.53,59.54,-175.73,-0.807,-0.897,-49.79,19.89,-25.88,-22.93,-119.98,199.42,59.67,325.66,Sagittarius II,,192.66500000000002,0.6902914385072535,60255.95860743581,0.4938259932315443,outer_>15kpc
Pyxis,136.9869,-37.2266,36.53 ± 0.66,38.61 ± 0.62,43,0,3.22 ± 0.53 · 104,13.20 ± 0.04,2.41 ± 0.40,13.46,17.05,23.52,132.78,-0.24,-0.53,9.99,4.81,105.4,0.42 − 0.83,-1.44 ± 0.16,1.1,3.6,-0.12,-0.07,,,36.53,38.61,32200.000000000004,13.2,2.41,-1.44,,136.9869,-37.2266,261.321,6.992,36.53 ± 0.66,38.61 ± 0.62,40.46 ± 0.21,1.026 ± 0.016,0.144 ± 0.019,0.09,13.65 ± 0.10,-35.84 ± 0.64,4.45 ± 0.08,-107.18 ± 3.00,215.25 ± 0.67,159.69 ± 2.97,38.66 ± 0.63,432.44 ± 151.99,36.53,38.61,40.46,1.026,0.144,13.65,-35.84,4.45,-107.18,215.25,159.69,38.66,432.44,Pyxis,,235.55,0.8358734875822542,64565.42290346549,0.5012810487101804,outer_>15kpc
Pal 14,242.7525,14.95778,73.58 ± 1.63,68.55 ± 1.56,16,0,1.91 ± 0.35 · 104,14.13 ± 0.03,1.70 ± 0.32,15.86,27.63,37.72,45.81,-0.83,-1.35,10.19,5.03,6.0,0.54 − 0.81,-1.26 ± 0.24,0.7,2.3,-0.16,-0.01,,,73.58,68.55,19100.0,14.13,1.7,-1.26,,242.7525,14.957778,28.746,42.192,73.58 ± 1.63,68.55 ± 1.56,72.30 ± 0.14,-0.458 ± 0.038,-0.414 ± 0.037,0.23,-39.62 ± 1.06,26.22 ± 0.58,49.42 ± 1.09,-99.22 ± 9.79,77.43 ± 12.14,122.42 ± 9.68,3.75 ± 0.92,500.00 ± 0.00,73.58,68.55,72.3,-0.458,-0.414,-39.62,26.22,49.42,-99.22,77.43,122.42,3.75,500.0,Pal 14,,251.875,0.9851116625310173,107151.9305237607,0.8217484285477747,outer_>15kpc
Laevens 3,316.7267,14.9805,61.77 ± 1.65,58.85 ± 1.58,9,0,2.7 · 103,16.10,1.80,2.22,7.16,9.85,51.98,0.64,-0.47,8.95,4.21,6.5,—,-0.39,0.5,1.9,-0.35,-0.12,,,61.77,58.85,2700.0,16.1,1.8,-0.39,,316.7267,14.9805,63.593,-21.176,61.77 ± 1.65,58.85 ± 1.59,-70.30 ± 0.82,0.242 ± 0.102,-0.748 ± 0.079,0.07,-17.44 ± 0.68,51.59 ± 1.38,-22.31 ± 0.60,-68.19 ± 24.47,74.23 ± 12.76,-144.15 ± 25.55,16.94 ± 5.20,500.00 ± 0.00,61.77,58.85,-70.3,0.242,-0.748,-17.44,51.59,-22.31,-68.19,74.23,-144.15,16.94,500.0,Laevens 3,,258.47,0.9344604789724145,16218.100973589299,0.8335193494973998,outer_>15kpc
Pal 4,172.31833,28.97337,101.39 ± 2.57,104.05 ± 2.47,23,0,1.53 ± 0.28 · 104,14.23 ± 0.04,0.81 ± 0.15,10.96,15.88,21.12,207.54,-0.35,-0.71,9.7,4.47,152.6,0.59 − 0.82,-0.34 ± 0.27,0.8,2.6,-0.18,-0.09,,,101.39,104.05,15300.0,14.23,0.81,-0.34,,172.318329,28.973373,202.311,71.801,101.39 ± 2.57,104.05 ± 2.47,72.40 ± 0.24,-0.460 ± 0.300,-0.291 ± 0.256,-0.21,37.47 ± 0.74,-12.02 ± 0.30,96.32 ± 2.44,147.95 ± 134.01,32.27 ± 125.91,7.63 ± 44.83,69.82 ± 32.47,500.00 ± 0.00,101.39,104.05,72.4,-0.46,-0.291,37.47,-12.02,96.32,147.95,32.27,7.63,69.82,500.0,Pal 4,,284.90999999999997,0.754940156540662,29512.09226666384,0.4815684411070198,outer_>15kpc
